年份,批次_code,最低分,最低位次,平均分
2023,0,100,6003.0,138
2023,0,101,5997.0,153
2023,0,101,5997.0,199
2023,0,103,5991.0,156
2023,0,103,5991.0,161
2023,0,104,5980.0,172
2023,0,104,5980.0,194
2023,0,107,5962.0,149
2023,0,107,5962.0,115
2023,0,107,5962.0,144
2023,0,107,5962.0,154
2023,0,109,5950.0,146
2023,0,109,5950.0,184
2023,0,110,5939.0,183
2023,0,111,5933.0,163
2023,0,111,5933.0,197
2023,0,111,5933.0,144
2023,0,112,5923.0,188
2023,0,112,5923.0,132
2023,0,114,5903.0,181
2023,0,115,5894.0,164
2023,0,115,5894.0,141
2023,0,116,5883.0,116
2023,0,116,5883.0,172
2023,0,118,5867.0,162
2023,0,120,5849.0,184
2023,0,120,5849.0,157
2023,0,121,5843.0,192
2023,0,122,5832.0,150
2023,0,123,5821.0,123
2023,0,124,5816.0,184
2023,0,124,5816.0,172
2023,0,124,5816.0,157
2023,0,124,5816.0,185
2023,0,124,5816.0,124
2023,0,125,5805.0,125
2023,0,126,5794.0,126
2023,0,126,5794.0,176
2023,0,126,5794.0,153
2023,0,127,5784.0,167
2023,0,128,5773.0,183
2023,0,128,5773.0,188
2023,0,128,5773.0,189
2023,0,128,5773.0,181
2023,0,129,5761.0,141
2023,0,130,5755.0,173
2023,0,130,5755.0,130
2023,0,132,5732.0,156
2023,0,132,5732.0,179
2023,0,134,5705.0,158
2023,0,135,5691.0,181
2023,0,135,5691.0,176
2023,0,135,5691.0,160
2023,0,135,5691.0,161
2023,0,135,5691.0,171
2023,0,142,5602.0,171
2023,0,143,5584.0,174
2023,0,144,5570.0,146
2023,0,145,5557.0,145
2023,0,146,5540.0,146
2023,0,147,5524.0,173
2023,0,147,5524.0,188
2023,0,148,5511.0,168
2023,0,148,5511.0,207
2023,0,149,5493.0,198
2023,0,149,5493.0,192
2023,0,150,5480.0,203
2023,0,150,5480.0,176
2023,0,151,5461.0,166
2023,0,151,5461.0,151
2023,0,152,5442.0,152
2023,0,152,5442.0,172
2023,0,153,5416.0,192
2023,0,155,5382.0,193
2023,0,155,5382.0,173
2023,0,156,5361.0,189
2023,0,156,5361.0,187
2023,0,157,5340.0,159
2023,0,157,5340.0,187
2023,0,157,5340.0,157
2023,0,157,5340.0,169
2023,0,157,5340.0,199
2023,0,158,5315.0,185
2023,0,158,5315.0,158
2023,0,159,5286.0,173
2023,0,160,5264.0,198
2023,0,162,5212.0,207
2023,0,164,5153.0,202
2023,0,164,5153.0,197
2023,0,164,5153.0,200
2023,0,164,5153.0,193
2023,0,165,5132.0,187
2023,0,166,5103.0,166
2023,0,168,5049.0,207
2023,0,170,5000.0,190
2023,0,170,5000.0,178
2023,0,170,5000.0,170
2023,0,171,4978.0,181
2023,0,172,4947.0,202
2023,0,173,4922.0,195
2023,0,175,4876.0,175
2023,0,176,4851.0,176
2023,0,176,4851.0,194
2023,0,176,4851.0,179
2023,0,177,4817.0,183
2023,0,179,4776.0,196
2023,0,179,,207
2023,0,180,4753.0,183
2023,0,181,4733.0,195
2023,0,182,4715.0,182
2023,0,185,4660.0,185
2023,0,187,4625.0,187
2023,0,187,4625.0,215
2023,0,187,4625.0,218
2023,0,187,4625.0,209
2023,0,187,4625.0,202
2023,0,187,4625.0,187
2023,0,189,4578.0,189
2023,0,190,4559.0,197
2023,0,190,4559.0,213
2023,0,191,4533.0,209
2023,0,191,4533.0,210
2023,0,192,4514.0,213
2023,0,192,4514.0,210
2023,0,192,4514.0,212
2023,0,192,4514.0,209
2023,0,193,4497.0,203
2023,0,193,4497.0,214
2023,0,193,4497.0,193
2023,0,194,4469.0,222
2023,0,194,4469.0,212
2023,0,195,4441.0,210
2023,0,195,4441.0,200
2023,0,195,4441.0,215
2023,0,196,4410.0,217
2023,0,196,4410.0,215
2023,0,196,4410.0,221
2023,0,197,4385.0,197
2023,0,197,4385.0,209
2023,0,198,4364.0,217
2023,0,198,4364.0,213
2023,0,199,4341.0,217
2023,0,199,4341.0,211
2023,0,199,4341.0,214
2023,0,199,4341.0,213
2023,0,199,4341.0,214
2023,0,201,4289.0,201
2023,0,202,4260.0,203
2023,0,202,4260.0,210
2023,0,202,4260.0,219
2023,0,202,4260.0,214
2023,0,203,4229.0,207
2023,0,204,4195.0,217
2023,0,204,4195.0,204
2023,0,205,4157.0,205
2023,0,205,4157.0,214
2023,0,205,4157.0,229
2023,0,205,4157.0,223
2023,0,206,4121.0,225
2023,0,206,4121.0,214
2023,0,206,4121.0,215
2023,0,206,4121.0,216
2023,0,206,4121.0,218
2023,0,206,4121.0,215
2023,0,206,4121.0,220
2023,0,207,4082.0,214
2023,0,207,4082.0,225
2023,0,208,4047.0,213
2023,0,208,4047.0,208
2023,0,208,4047.0,208
2023,0,209,3998.0,236
2023,0,210,3967.0,217
2023,0,211,3919.0,224
2023,0,212,3878.0,212
2023,0,214,3778.0,229
2023,0,214,3778.0,214
2023,0,214,3778.0,227
2023,0,214,3778.0,226
2023,0,214,3778.0,225
2023,0,214,3778.0,214
2023,0,215,3741.0,215
2023,0,215,3741.0,223
2023,0,215,3741.0,215
2023,0,215,3741.0,227
2023,0,217,3652.0,217
2023,0,217,3652.0,218
2023,0,218,3595.0,234
2023,0,219,3542.0,223
2023,0,219,3542.0,232
2023,0,219,3542.0,219
2023,0,220,3490.0,221
2023,0,220,3490.0,230
2023,0,220,3490.0,220
2023,0,220,3490.0,221
2023,0,221,3436.0,229
2023,0,222,3387.0,230
2023,0,224,3280.0,230
2023,0,224,3280.0,224
2023,0,224,3280.0,235
2023,0,224,3280.0,227
2023,0,224,3280.0,237
2023,0,224,3280.0,232
2023,0,225,3229.0,227
2023,0,225,3229.0,237
2023,0,226,3169.0,234
2023,0,226,3169.0,227
2023,0,226,3169.0,237
2023,0,226,3169.0,237
2023,0,226,3169.0,228
2023,0,226,3169.0,230
2023,0,227,3106.0,238
2023,0,227,3106.0,233
2023,0,228,3043.0,241
2023,0,228,3043.0,237
2023,0,229,2979.0,233
2023,0,229,2979.0,229
2023,0,229,2979.0,235
2023,0,229,2979.0,232
2023,0,229,2979.0,238
2023,0,230,2904.0,234
2023,0,230,2904.0,237
2023,0,230,2904.0,235
2023,0,230,2904.0,235
2023,0,230,2904.0,240
2023,0,230,2904.0,237
2023,0,230,2904.0,235
2023,0,230,2904.0,237
2023,0,230,2904.0,230
2023,0,231,2831.0,232
2023,0,231,2831.0,235
2023,0,232,2757.0,240
2023,0,232,2757.0,232
2023,0,232,2757.0,238
2023,0,232,2757.0,236
2023,0,232,2757.0,234
2023,0,233,2665.0,235
2023,0,233,2665.0,239
2023,0,233,2665.0,236
2023,0,233,2665.0,233
2023,0,233,2665.0,238
2023,0,234,2581.0,237
2023,0,234,2581.0,236
2023,0,235,2504.0,240
2023,0,235,2504.0,243
2023,0,235,2504.0,239
2023,0,236,2426.0,240
2023,0,236,2426.0,236
2023,0,236,2426.0,237
2023,0,237,2339.0,242
2023,0,237,2339.0,238
2023,0,237,2339.0,238
2023,0,237,2339.0,239
2023,0,237,2339.0,244
2023,0,238,2240.0,246
2023,0,238,2240.0,243
2023,0,238,2240.0,242
2023,0,238,2240.0,240
2023,0,239,2157.0,242
2023,0,239,2157.0,240
2023,0,240,2070.0,248
2023,0,241,1989.0,245
2023,0,241,1989.0,241
2023,0,241,1989.0,243
2023,0,241,1989.0,244
2023,0,241,1989.0,241
2023,0,241,1989.0,241
2023,0,241,1989.0,241
2023,0,241,1989.0,241
2023,0,242,1901.0,246
2023,0,242,1901.0,245
2023,0,242,1901.0,242
2023,0,242,1901.0,244
2023,0,242,1901.0,249
2023,0,242,1901.0,246
2023,0,242,1901.0,243
2023,0,243,1815.0,248
2023,0,244,1723.0,247
2023,0,244,1723.0,249
2023,0,244,1723.0,249
2023,0,244,1723.0,249
2023,0,244,1723.0,247
2023,0,244,1723.0,252
2023,0,245,1639.0,246
2023,0,245,1639.0,250
2023,0,245,1639.0,249
2023,0,245,1639.0,248
2023,0,245,1639.0,245
2023,0,245,1639.0,251
2023,0,246,1544.0,246
2023,0,246,1544.0,249
2023,0,246,1544.0,246
2023,0,246,1544.0,246
2023,0,247,,279
2023,0,247,1455.0,249
2023,0,247,1455.0,251
2023,0,248,1367.0,248
2023,0,248,1367.0,253
2023,0,248,1367.0,252
2023,0,248,1367.0,249
2023,0,249,1295.0,249
2023,0,249,1295.0,253
2023,0,250,1206.0,254
2023,0,251,1122.0,253
2023,0,251,1122.0,253
2023,0,252,1036.0,252
2023,0,252,1036.0,252
2023,0,252,1036.0,253
2023,0,252,1036.0,253
2023,0,252,1036.0,253
2023,0,252,1036.0,256
2023,0,252,1036.0,253
2023,0,252,1036.0,255
2023,0,253,969.0,253
2023,0,253,969.0,255
2023,0,253,969.0,253
2023,0,254,907.0,256
2023,0,254,907.0,255
2023,0,254,907.0,255
2023,0,254,907.0,255
2023,0,254,907.0,254
2023,0,254,907.0,255
2023,0,254,907.0,256
2023,0,256,768.0,257
2023,0,256,768.0,257
2023,0,256,768.0,263
2023,0,257,715.0,258
2023,0,257,715.0,261
2023,0,257,715.0,259
2023,0,258,653.0,263
2023,0,258,653.0,261
2023,0,259,597.0,261
2023,0,259,597.0,267
2023,0,261,506.0,261
2023,0,262,474.0,266
2023,0,267,360.0,275
2023,3,304,,0
2023,1,390,43320.0,393
2023,1,390,43320.0,390
2023,1,393,42853.0,450
2023,1,394,42683.0,394
2023,1,394,42683.0,396
2023,1,394,42683.0,397
2023,1,394,42683.0,401
2023,1,394,42683.0,395
2023,1,395,42528.0,395
2023,1,396,42365.0,396
2023,1,396,42365.0,398
2023,1,396,42365.0,397
2023,1,396,42365.0,397
2023,1,396,42365.0,398
2023,1,396,42365.0,400
2023,1,396,42365.0,402
2023,1,396,42365.0,401
2023,1,396,42365.0,401
2023,1,396,42365.0,398
2023,1,397,42193.0,398
2023,1,397,42193.0,398
2023,1,397,42193.0,397
2023,1,397,42193.0,398
2023,1,398,42024.0,398
2023,1,398,42024.0,412
2023,1,398,42024.0,399
2023,1,398,42024.0,398
2023,1,399,41846.0,399
2023,1,399,41846.0,399
2023,1,399,41846.0,405
2023,1,399,41846.0,400
2023,1,399,41846.0,400
2023,1,399,41846.0,399
2023,1,399,41846.0,399
2023,1,399,41846.0,400
2023,1,399,41846.0,408
2023,1,399,41846.0,399
2023,1,400,41682.0,400
2023,1,400,41682.0,400
2023,1,400,41682.0,403
2023,1,400,41682.0,408
2023,1,400,41682.0,401
2023,1,400,41682.0,404
2023,1,400,41682.0,401
2023,1,400,41682.0,400
2023,1,400,41682.0,409
2023,1,400,41682.0,402
2023,1,401,41517.0,401
2023,1,401,41517.0,402
2023,1,401,41517.0,401
2023,1,401,41517.0,402
2023,1,401,41517.0,412
2023,1,401,41517.0,402
2023,1,401,41517.0,403
2023,1,401,41517.0,402
2023,1,401,41517.0,402
2023,1,401,41517.0,402
2023,1,401,41517.0,402
2023,1,401,41517.0,405
2023,1,401,41517.0,408
2023,1,401,41517.0,403
2023,1,401,41517.0,407
2023,1,401,41517.0,408
2023,1,401,41517.0,407
2023,1,401,41517.0,402
2023,1,402,41342.0,403
2023,1,402,41342.0,403
2023,1,402,41342.0,404
2023,1,402,41342.0,402
2023,1,402,41342.0,407
2023,1,402,41342.0,402
2023,1,402,41342.0,403
2023,1,402,41342.0,407
2023,1,402,41342.0,408
2023,1,402,41342.0,402
2023,1,402,41342.0,409
2023,1,402,41342.0,411
2023,1,403,41160.0,406
2023,1,403,41160.0,404
2023,1,403,41160.0,405
2023,1,403,41160.0,403
2023,1,403,41160.0,405
2023,1,403,41160.0,403
2023,1,403,41160.0,416
2023,1,403,41160.0,410
2023,1,403,41160.0,409
2023,1,403,41160.0,409
2023,1,403,41160.0,404
2023,1,403,41160.0,409
2023,1,403,41160.0,403
2023,1,404,40998.0,408
2023,1,404,40998.0,409
2023,1,404,40998.0,404
2023,1,404,40998.0,405
2023,1,404,40998.0,409
2023,1,404,40998.0,412
2023,1,404,40998.0,410
2023,1,404,40998.0,404
2023,1,404,40998.0,409
2023,1,404,40998.0,410
2023,1,404,40998.0,412
2023,1,405,40830.0,408
2023,2,405,40830.0,436
2023,1,405,40830.0,406
2023,1,405,40830.0,413
2023,1,405,40830.0,405
2023,1,405,40830.0,410
2023,1,405,40830.0,408
2023,1,405,40830.0,412
2023,1,405,40830.0,406
2023,1,405,40830.0,406
2023,1,405,40830.0,416
2023,1,405,40830.0,405
2023,1,405,40830.0,406
2023,1,405,40830.0,409
2023,1,405,40830.0,409
2023,1,405,40830.0,411
2023,1,405,40830.0,410
2023,1,405,40830.0,418
2023,1,405,40830.0,411
2023,1,405,40830.0,405
2023,1,405,40830.0,412
2023,1,405,40830.0,414
2023,1,405,40830.0,405
2023,1,405,40830.0,410
2023,1,406,40671.0,406
2023,1,406,40671.0,409
2023,1,406,40671.0,412
2023,1,406,40671.0,406
2023,1,406,40671.0,406
2023,1,406,40671.0,409
2023,1,406,40671.0,407
2023,1,406,40671.0,408
2023,1,406,40671.0,408
2023,1,406,40671.0,408
2023,1,406,40671.0,410
2023,1,406,40671.0,406
2023,1,406,40671.0,406
2023,1,406,40671.0,407
2023,1,406,40671.0,406
2023,1,406,40671.0,406
2023,1,406,40671.0,418
2023,1,406,40671.0,408
2023,1,406,40671.0,406
2023,1,407,40512.0,408
2023,1,407,40512.0,407
2023,1,407,40512.0,408
2023,1,407,40512.0,410
2023,1,407,40512.0,409
2023,1,407,40512.0,407
2023,1,407,40512.0,407
2023,1,407,40512.0,407
2023,1,407,40512.0,407
2023,1,407,40512.0,410
2023,1,407,40512.0,407
2023,1,407,40512.0,416
2023,1,407,40512.0,411
2023,1,407,40512.0,407
2023,1,407,40512.0,408
2023,1,407,40512.0,420
2023,1,407,40512.0,410
2023,1,407,40512.0,412
2023,1,407,40512.0,407
2023,1,407,40512.0,407
2023,1,407,40512.0,411
2023,1,408,40349.0,409
2023,1,408,40349.0,410
2023,1,408,40349.0,411
2023,1,408,40349.0,414
2023,1,408,40349.0,408
2023,1,408,40349.0,410
2023,1,408,40349.0,410
2023,1,408,40349.0,409
2023,1,408,40349.0,416
2023,1,408,40349.0,416
2023,1,408,40349.0,411
2023,1,408,40349.0,413
2023,1,408,40349.0,411
2023,1,408,40349.0,409
2023,1,409,40174.0,409
2023,1,409,40174.0,417
2023,1,409,40174.0,411
2023,1,409,40174.0,425
2023,1,409,40174.0,410
2023,1,409,40174.0,409
2023,1,409,40174.0,411
2023,1,409,40174.0,411
2023,1,409,40174.0,415
2023,1,409,40174.0,422
2023,1,409,40174.0,418
2023,1,409,40174.0,414
2023,1,409,40174.0,410
2023,1,409,40174.0,411
2023,1,409,40174.0,412
2023,1,409,40174.0,414
2023,1,410,39977.0,411
2023,1,410,39977.0,412
2023,1,410,39977.0,418
2023,1,410,39977.0,413
2023,1,410,39977.0,410
2023,1,410,39977.0,410
2023,1,410,39977.0,410
2023,1,410,39977.0,414
2023,1,410,39977.0,415
2023,1,410,39977.0,424
2023,1,410,39977.0,410
2023,1,410,39977.0,412
2023,1,410,39977.0,419
2023,1,410,39977.0,410
2023,1,410,39977.0,419
2023,1,410,39977.0,416
2023,1,410,39977.0,414
2023,1,411,39779.0,413
2023,1,411,39779.0,411
2023,1,411,39779.0,411
2023,1,411,39779.0,411
2023,1,411,39779.0,421
2023,1,411,39779.0,411
2023,1,411,39779.0,416
2023,1,411,39779.0,411
2023,1,411,39779.0,411
2023,1,411,39779.0,411
2023,1,411,39779.0,411
2023,1,411,39779.0,412
2023,1,411,39779.0,412
2023,1,411,39779.0,411
2023,1,411,39779.0,415
2023,1,411,39779.0,411
2023,1,411,39779.0,413
2023,1,412,39601.0,412
2023,1,412,39601.0,414
2023,1,412,39601.0,422
2023,1,412,39601.0,415
2023,1,412,39601.0,420
2023,1,412,39601.0,415
2023,1,412,39601.0,419
2023,1,412,39601.0,418
2023,1,412,39601.0,415
2023,1,412,39601.0,414
2023,1,412,39601.0,412
2023,1,412,39601.0,416
2023,1,413,39440.0,417
2023,1,413,39440.0,416
2023,1,413,39440.0,414
2023,1,413,39440.0,460
2023,1,413,39440.0,415
2023,1,413,39440.0,413
2023,1,413,39440.0,416
2023,1,413,39440.0,414
2023,1,413,39440.0,415
2023,1,413,39440.0,414
2023,1,413,39440.0,417
2023,1,413,39440.0,416
2023,1,413,39440.0,414
2023,1,413,39440.0,414
2023,1,413,39440.0,416
2023,1,413,39440.0,413
2023,1,413,39440.0,415
2023,1,413,39440.0,420
2023,1,413,39440.0,420
2023,1,413,39440.0,418
2023,1,413,39440.0,416
2023,1,414,39247.0,417
2023,1,414,39247.0,414
2023,1,414,39247.0,414
2023,1,414,39247.0,417
2023,1,414,39247.0,415
2023,1,414,39247.0,414
2023,1,414,39247.0,415
2023,1,414,39247.0,414
2023,1,414,39247.0,421
2023,1,414,39247.0,416
2023,1,414,39247.0,416
2023,1,414,39247.0,420
2023,1,414,39247.0,419
2023,1,415,39040.0,415
2023,1,415,39040.0,417
2023,1,415,39040.0,420
2023,1,415,39040.0,420
2023,1,415,39040.0,421
2023,1,415,39040.0,420
2023,1,415,39040.0,416
2023,1,415,39040.0,418
2023,1,415,39040.0,419
2023,1,415,39040.0,416
2023,1,415,39040.0,422
2023,1,415,39040.0,425
2023,1,415,39040.0,420
2023,1,416,38855.0,416
2023,1,416,38855.0,418
2023,1,416,38855.0,421
2023,1,416,38855.0,417
2023,1,416,38855.0,424
2023,1,416,38855.0,421
2023,1,416,38855.0,422
2023,1,416,38855.0,419
2023,1,416,38855.0,416
2023,1,416,38855.0,416
2023,1,416,38855.0,417
2023,1,416,38855.0,417
2023,1,416,38855.0,418
2023,1,416,38855.0,420
2023,1,416,38855.0,417
2023,1,416,38855.0,416
2023,1,416,38855.0,416
2023,1,416,38855.0,416
2023,1,416,38855.0,416
2023,1,416,38855.0,416
2023,1,416,38855.0,417
2023,1,416,38855.0,417
2023,1,416,38855.0,416
2023,1,416,38855.0,416
2023,1,417,38666.0,418
2023,1,417,38666.0,417
2023,1,417,38666.0,421
2023,1,417,38666.0,418
2023,1,417,38666.0,420
2023,1,417,38666.0,418
2023,1,417,38666.0,419
2023,1,417,38666.0,419
2023,1,417,38666.0,423
2023,1,417,38666.0,417
2023,1,417,38666.0,419
2023,1,418,38467.0,424
2023,1,418,38467.0,424
2023,1,418,38467.0,420
2023,1,418,38467.0,419
2023,1,418,38467.0,426
2023,1,418,38467.0,420
2023,1,418,38467.0,418
2023,1,418,38467.0,429
2023,1,418,38467.0,418
2023,1,418,38467.0,420
2023,1,419,38271.0,422
2023,1,419,38271.0,423
2023,1,419,38271.0,420
2023,1,419,38271.0,424
2023,1,419,38271.0,420
2023,1,419,38271.0,423
2023,1,419,38271.0,421
2023,1,419,38271.0,422
2023,1,419,38271.0,455
2023,1,419,38271.0,426
2023,1,419,38271.0,419
2023,1,419,38271.0,428
2023,1,419,38271.0,424
2023,1,419,38271.0,426
2023,1,419,38271.0,426
2023,1,419,38271.0,419
2023,1,419,38271.0,425
2023,1,419,38271.0,424
2023,1,419,38271.0,420
2023,1,419,38271.0,419
2023,1,419,38271.0,424
2023,1,420,38092.0,421
2023,1,420,38092.0,421
2023,1,420,38092.0,420
2023,1,420,38092.0,425
2023,1,420,38092.0,423
2023,1,420,38092.0,427
2023,1,420,38092.0,421
2023,1,420,38092.0,423
2023,1,420,38092.0,421
2023,1,420,38092.0,420
2023,1,420,38092.0,423
2023,1,420,38092.0,420
2023,1,421,37931.0,423
2023,1,421,37931.0,424
2023,1,421,37931.0,421
2023,1,421,37931.0,423
2023,1,421,37931.0,421
2023,1,421,37931.0,424
2023,1,421,37931.0,421
2023,1,421,37931.0,422
2023,1,421,37931.0,424
2023,1,421,37931.0,422
2023,1,421,37931.0,423
2023,1,421,37931.0,430
2023,1,421,37931.0,426
2023,1,421,37931.0,425
2023,1,421,37931.0,424
2023,1,421,37931.0,422
2023,1,421,37931.0,423
2023,1,421,37931.0,426
2023,1,421,37931.0,422
2023,1,422,37730.0,426
2023,1,422,37730.0,424
2023,1,422,37730.0,423
2023,1,422,37730.0,424
2023,1,422,37730.0,424
2023,1,422,37730.0,424
2023,1,422,37730.0,422
2023,1,422,37730.0,423
2023,1,422,37730.0,426
2023,1,422,37730.0,426
2023,1,422,37730.0,423
2023,1,422,37730.0,424
2023,1,422,37730.0,438
2023,1,422,37730.0,426
2023,1,422,37730.0,427
2023,1,422,37730.0,423
2023,1,422,37730.0,465
2023,1,422,37730.0,424
2023,1,422,37730.0,425
2023,1,422,37730.0,425
2023,1,422,37730.0,424
2023,1,423,37531.0,428
2023,1,423,37531.0,423
2023,1,423,37531.0,423
2023,1,423,37531.0,428
2023,1,423,37531.0,424
2023,1,423,37531.0,424
2023,1,423,37531.0,427
2023,1,423,37531.0,425
2023,1,423,37531.0,423
2023,1,423,37531.0,426
2023,1,423,37531.0,423
2023,1,423,37531.0,423
2023,1,423,37531.0,424
2023,1,423,37531.0,423
2023,1,423,37531.0,423
2023,1,423,37531.0,423
2023,1,424,37331.0,428
2023,1,424,37331.0,430
2023,1,424,37331.0,435
2023,1,424,37331.0,424
2023,1,424,37331.0,424
2023,1,424,37331.0,431
2023,1,424,37331.0,427
2023,1,424,37331.0,428
2023,1,424,37331.0,424
2023,1,424,37331.0,426
2023,1,424,37331.0,430
2023,1,424,37331.0,431
2023,1,424,37331.0,435
2023,1,424,37331.0,433
2023,1,424,37331.0,425
2023,1,424,37331.0,424
2023,1,424,37331.0,424
2023,1,424,37331.0,428
2023,1,424,37331.0,425
2023,1,424,37331.0,426
2023,1,424,37331.0,424
2023,1,424,37331.0,427
2023,1,425,37110.0,425
2023,1,425,37110.0,428
2023,1,425,37110.0,429
2023,1,425,37110.0,429
2023,1,425,37110.0,425
2023,1,425,37110.0,425
2023,1,425,37110.0,430
2023,1,425,37110.0,425
2023,1,425,37110.0,428
2023,1,425,37110.0,427
2023,1,425,37110.0,435
2023,1,425,37110.0,428
2023,1,425,37110.0,427
2023,1,425,37110.0,428
2023,1,425,37110.0,425
2023,1,425,37110.0,425
2023,1,425,37110.0,429
2023,1,425,37110.0,433
2023,1,425,37110.0,429
2023,1,425,37110.0,425
2023,1,425,37110.0,426
2023,1,426,36906.0,426
2023,1,426,36906.0,427
2023,1,426,36906.0,429
2023,1,426,36906.0,427
2023,1,426,36906.0,426
2023,1,426,36906.0,426
2023,1,426,36906.0,432
2023,1,426,36906.0,430
2023,1,426,36906.0,431
2023,1,426,36906.0,431
2023,1,426,36906.0,426
2023,1,426,36906.0,426
2023,1,426,36906.0,427
2023,1,426,36906.0,428
2023,1,426,36906.0,430
2023,1,426,36906.0,429
2023,1,426,36906.0,427
2023,1,426,36906.0,430
2023,1,426,36906.0,427
2023,1,426,36906.0,427
2023,1,426,36906.0,428
2023,1,427,36712.0,427
2023,1,427,36712.0,428
2023,1,427,36712.0,427
2023,1,427,36712.0,427
2023,1,427,36712.0,427
2023,1,427,36712.0,437
2023,1,427,36712.0,429
2023,1,427,36712.0,430
2023,1,427,36712.0,431
2023,1,427,36712.0,427
2023,1,427,36712.0,433
2023,1,427,36712.0,428
2023,1,427,36712.0,427
2023,1,427,36712.0,429
2023,1,427,36712.0,427
2023,1,427,36712.0,427
2023,1,427,36712.0,431
2023,1,427,36712.0,430
2023,1,427,36712.0,434
2023,1,427,36712.0,427
2023,1,427,36712.0,427
2023,1,427,36712.0,427
2023,1,427,36712.0,430
2023,1,427,36712.0,428
2023,1,427,36712.0,429
2023,1,427,36712.0,434
2023,1,428,36503.0,428
2023,1,428,36503.0,429
2023,1,428,36503.0,428
2023,1,428,36503.0,428
2023,1,428,36503.0,428
2023,1,428,36503.0,428
2023,1,428,36503.0,432
2023,1,428,36503.0,428
2023,1,428,36503.0,431
2023,1,428,36503.0,431
2023,1,428,36503.0,428
2023,1,428,36503.0,431
2023,1,428,36503.0,432
2023,1,428,36503.0,429
2023,1,428,36503.0,429
2023,1,428,36503.0,429
2023,1,428,36503.0,428
2023,1,428,36503.0,429
2023,1,428,36503.0,429
2023,1,428,36503.0,431
2023,1,428,36503.0,431
2023,1,428,36503.0,429
2023,1,428,36503.0,428
2023,1,428,36503.0,431
2023,1,428,36503.0,433
2023,1,428,36503.0,428
2023,1,428,36503.0,431
2023,1,428,36503.0,429
2023,1,428,36503.0,428
2023,1,428,36503.0,429
2023,1,428,36503.0,431
2023,1,428,36503.0,451
2023,1,429,36303.0,430
2023,1,429,36303.0,429
2023,1,429,36303.0,429
2023,1,429,36303.0,430
2023,1,429,36303.0,431
2023,1,429,36303.0,433
2023,1,429,36303.0,430
2023,1,429,36303.0,432
2023,1,429,36303.0,431
2023,1,429,36303.0,429
2023,1,429,36303.0,429
2023,1,429,36303.0,429
2023,1,429,36303.0,432
2023,1,429,36303.0,430
2023,1,429,36303.0,430
2023,1,429,36303.0,430
2023,1,429,36303.0,429
2023,1,429,36303.0,430
2023,1,429,36303.0,429
2023,1,429,36303.0,429
2023,1,430,36113.0,431
2023,1,430,36113.0,432
2023,1,430,36113.0,433
2023,1,430,36113.0,433
2023,1,430,36113.0,430
2023,1,430,36113.0,434
2023,1,430,36113.0,431
2023,1,430,36113.0,431
2023,1,430,36113.0,430
2023,1,430,36113.0,431
2023,1,430,36113.0,438
2023,1,430,36113.0,433
2023,1,430,36113.0,433
2023,1,430,36113.0,432
2023,1,430,36113.0,431
2023,1,430,36113.0,432
2023,1,430,36113.0,431
2023,1,430,36113.0,431
2023,1,430,36113.0,430
2023,1,430,36113.0,432
2023,1,430,36113.0,432
2023,1,430,36113.0,430
2023,1,430,36113.0,431
2023,1,430,36113.0,431
2023,1,430,36113.0,431
2023,1,430,36113.0,433
2023,1,430,36113.0,431
2023,1,430,36113.0,433
2023,1,430,36113.0,432
2023,1,430,36113.0,432
2023,1,430,36113.0,430
2023,1,430,36113.0,436
2023,1,430,36113.0,430
2023,1,431,35904.0,431
2023,1,431,35904.0,432
2023,1,431,35904.0,431
2023,1,431,35904.0,431
2023,1,431,35904.0,431
2023,1,431,35904.0,433
2023,1,431,35904.0,433
2023,1,431,35904.0,433
2023,1,431,35904.0,432
2023,1,431,35904.0,431
2023,1,431,35904.0,434
2023,1,431,35904.0,432
2023,1,431,35904.0,433
2023,1,431,35904.0,432
2023,1,431,35904.0,431
2023,1,431,35904.0,432
2023,1,431,35904.0,432
2023,1,431,35904.0,432
2023,1,431,35904.0,432
2023,1,431,35904.0,433
2023,1,431,35904.0,432
2023,1,431,35904.0,434
2023,1,431,35904.0,431
2023,1,431,35904.0,434
2023,1,431,35904.0,433
2023,1,431,35904.0,434
2023,1,431,35904.0,432
2023,1,431,35904.0,431
2023,1,432,35697.0,434
2023,1,432,35697.0,433
2023,1,432,35697.0,438
2023,1,432,35697.0,433
2023,1,432,35697.0,433
2023,1,432,35697.0,433
2023,1,432,35697.0,436
2023,1,432,35697.0,434
2023,1,432,35697.0,435
2023,1,432,35697.0,435
2023,1,432,35697.0,433
2023,1,432,35697.0,432
2023,1,432,35697.0,432
2023,1,432,35697.0,434
2023,1,432,35697.0,433
2023,1,432,35697.0,433
2023,4,432,,440
2023,1,432,35697.0,432
2023,1,432,35697.0,435
2023,1,432,35697.0,435
2023,1,432,35697.0,432
2023,1,432,35697.0,436
2023,1,432,35697.0,436
2023,1,432,35697.0,433
2023,1,432,35697.0,433
2023,1,432,35697.0,434
2023,1,432,35697.0,432
2023,1,432,35697.0,432
2023,1,432,35697.0,437
2023,1,432,35697.0,436
2023,1,432,35697.0,435
2023,1,432,35697.0,435
2023,1,433,35473.0,433
2023,1,433,35473.0,433
2023,1,433,35473.0,435
2023,1,433,35473.0,436
2023,1,433,35473.0,433
2023,1,433,35473.0,437
2023,1,433,35473.0,436
2023,1,433,35473.0,437
2023,1,433,35473.0,438
2023,1,433,35473.0,434
2023,1,433,35473.0,434
2023,1,433,35473.0,434
2023,1,433,35473.0,433
2023,1,433,35473.0,435
2023,1,433,35473.0,435
2023,1,433,35473.0,437
2023,1,433,35473.0,433
2023,1,433,35473.0,433
2023,1,433,35473.0,433
2023,1,433,35473.0,435
2023,1,433,35473.0,433
2023,1,433,35473.0,433
2023,1,433,35473.0,433
2023,1,433,35473.0,433
2023,1,433,35473.0,435
2023,1,433,35473.0,435
2023,1,433,35473.0,433
2023,1,434,35259.0,438
2023,1,434,35259.0,441
2023,1,434,35259.0,434
2023,1,434,35259.0,434
2023,1,434,35259.0,435
2023,1,434,35259.0,435
2023,1,434,35259.0,434
2023,1,434,35259.0,437
2023,1,434,35259.0,434
2023,1,434,35259.0,434
2023,1,434,35259.0,438
2023,1,434,35259.0,434
2023,1,434,35259.0,435
2023,1,434,35259.0,434
2023,1,434,35259.0,436
2023,1,434,35259.0,434
2023,1,434,35259.0,437
2023,1,434,35259.0,434
2023,1,434,35259.0,440
2023,1,434,35259.0,440
2023,1,434,35259.0,438
2023,1,434,35259.0,434
2023,1,434,35259.0,434
2023,1,434,35259.0,434
2023,1,434,35259.0,435
2023,1,434,35259.0,436
2023,1,434,35259.0,438
2023,1,434,35259.0,435
2023,1,434,35259.0,434
2023,1,434,35259.0,436
2023,1,434,35259.0,434
2023,1,434,35259.0,435
2023,1,434,35259.0,434
2023,1,435,35051.0,435
2023,1,435,35051.0,435
2023,1,435,35051.0,435
2023,1,435,35051.0,438
2023,1,435,35051.0,435
2023,1,435,35051.0,443
2023,1,435,35051.0,435
2023,1,435,35051.0,435
2023,1,435,35051.0,437
2023,1,435,35051.0,439
2023,1,435,35051.0,435
2023,1,435,35051.0,435
2023,1,435,35051.0,445
2023,1,435,35051.0,436
2023,1,435,35051.0,437
2023,1,435,35051.0,435
2023,1,435,35051.0,435
2023,1,435,35051.0,435
2023,1,435,35051.0,435
2023,1,435,35051.0,437
2023,1,435,35051.0,435
2023,1,435,35051.0,437
2023,1,435,35051.0,436
2023,1,435,35051.0,436
2023,1,435,35051.0,435
2023,1,435,35051.0,439
2023,1,435,35051.0,437
2023,1,435,35051.0,436
2023,1,435,35051.0,435
2023,1,435,35051.0,435
2023,1,436,34853.0,436
2023,1,436,34853.0,437
2023,1,436,34853.0,436
2023,1,436,34853.0,436
2023,1,436,34853.0,441
2023,1,436,34853.0,437
2023,1,436,34853.0,436
2023,1,436,34853.0,436
2023,1,436,34853.0,439
2023,1,436,34853.0,438
2023,1,436,34853.0,436
2023,1,436,34853.0,438
2023,1,436,34853.0,438
2023,1,436,34853.0,436
2023,1,436,34853.0,437
2023,1,436,34853.0,436
2023,1,436,34853.0,437
2023,1,436,34853.0,437
2023,1,436,34853.0,437
2023,1,436,34853.0,436
2023,1,436,34853.0,436
2023,1,436,34853.0,439
2023,1,436,34853.0,437
2023,1,436,34853.0,437
2023,1,436,34853.0,436
2023,1,436,34853.0,437
2023,1,436,34853.0,436
2023,1,436,34853.0,436
2023,1,436,34853.0,438
2023,1,436,34853.0,438
2023,1,436,34853.0,437
2023,1,436,34853.0,436
2023,1,436,34853.0,436
2023,1,436,34853.0,438
2023,1,436,34853.0,436
2023,1,436,34853.0,437
2023,1,436,34853.0,438
2023,1,436,34853.0,436
2023,1,436,34853.0,436
2023,1,436,34853.0,436
2023,1,436,34853.0,437
2023,1,436,34853.0,440
2023,1,436,34853.0,437
2023,1,437,34625.0,439
2023,1,437,34625.0,437
2023,1,437,34625.0,437
2023,1,437,34625.0,437
2023,1,437,34625.0,439
2023,1,437,34625.0,438
2023,1,437,34625.0,439
2023,1,437,34625.0,440
2023,1,437,34625.0,439
2023,1,437,34625.0,437
2023,1,437,34625.0,437
2023,1,437,34625.0,438
2023,1,437,34625.0,438
2023,1,437,34625.0,445
2023,1,437,34625.0,443
2023,1,437,34625.0,438
2023,1,437,34625.0,441
2023,1,437,34625.0,438
2023,1,437,34625.0,441
2023,1,437,34625.0,437
2023,1,437,34625.0,437
2023,1,437,34625.0,437
2023,1,437,34625.0,438
2023,1,437,34625.0,437
2023,1,437,34625.0,439
2023,1,437,34625.0,437
2023,1,437,34625.0,438
2023,1,437,34625.0,439
2023,1,437,34625.0,441
2023,1,438,34431.0,438
2023,1,438,34431.0,438
2023,1,438,34431.0,438
2023,1,438,34431.0,441
2023,1,438,34431.0,439
2023,1,438,34431.0,443
2023,1,438,34431.0,440
2023,1,438,34431.0,440
2023,1,438,34431.0,439
2023,1,438,34431.0,444
2023,1,438,34431.0,439
2023,1,438,34431.0,438
2023,1,438,34431.0,439
2023,1,438,34431.0,438
2023,1,438,34431.0,441
2023,1,438,34431.0,439
2023,1,438,34431.0,438
2023,1,438,34431.0,441
2023,1,438,34431.0,438
2023,1,438,34431.0,438
2023,1,438,34431.0,438
2023,1,438,34431.0,439
2023,1,438,34431.0,439
2023,1,438,34431.0,438
2023,1,438,34431.0,438
2023,1,438,34431.0,438
2023,1,438,34431.0,438
2023,1,438,34431.0,439
2023,1,438,34431.0,439
2023,1,438,34431.0,438
2023,1,438,34431.0,440
2023,1,438,34431.0,440
2023,1,438,34431.0,438
2023,1,438,34431.0,444
2023,1,438,34431.0,438
2023,1,438,34431.0,442
2023,1,438,34431.0,439
2023,1,438,34431.0,438
2023,1,438,34431.0,438
2023,1,438,34431.0,438
2023,1,438,34431.0,440
2023,1,439,34170.0,439
2023,1,439,34170.0,449
2023,1,439,34170.0,439
2023,1,439,34170.0,440
2023,1,439,34170.0,443
2023,1,439,34170.0,441
2023,1,439,34170.0,441
2023,1,439,34170.0,441
2023,1,439,34170.0,444
2023,1,439,34170.0,440
2023,1,439,34170.0,441
2023,1,439,34170.0,440
2023,1,439,34170.0,440
2023,1,439,34170.0,439
2023,1,439,34170.0,439
2023,1,439,34170.0,439
2023,1,439,34170.0,440
2023,1,439,34170.0,439
2023,1,439,34170.0,440
2023,1,439,34170.0,439
2023,1,439,34170.0,439
2023,1,439,34170.0,440
2023,1,439,34170.0,439
2023,1,439,34170.0,439
2023,1,439,34170.0,440
2023,1,439,34170.0,439
2023,1,439,34170.0,439
2023,1,439,34170.0,439
2023,1,439,34170.0,442
2023,1,439,34170.0,439
2023,1,439,34170.0,439
2023,1,439,34170.0,442
2023,1,439,34170.0,439
2023,1,439,34170.0,439
2023,1,439,34170.0,445
2023,1,439,34170.0,439
2023,1,439,34170.0,442
2023,1,439,34170.0,444
2023,1,439,34170.0,439
2023,1,439,34170.0,439
2023,1,439,34170.0,440
2023,1,439,34170.0,443
2023,1,440,33965.0,443
2023,1,440,33965.0,450
2023,1,440,33965.0,440
2023,1,440,33965.0,443
2023,1,440,33965.0,447
2023,1,440,33965.0,440
2023,1,440,33965.0,445
2023,1,440,33965.0,441
2023,1,440,33965.0,441
2023,1,440,33965.0,440
2023,1,440,33965.0,440
2023,1,440,33965.0,444
2023,1,440,33965.0,443
2023,1,440,33965.0,441
2023,1,440,33965.0,443
2023,1,440,33965.0,442
2023,1,440,33965.0,440
2023,1,440,33965.0,461
2023,1,440,33965.0,444
2023,1,440,33965.0,440
2023,1,440,33965.0,482
2023,1,440,33965.0,440
2023,1,440,33965.0,454
2023,1,440,33965.0,441
2023,1,440,33965.0,443
2023,1,440,33965.0,447
2023,1,440,33965.0,441
2023,1,440,33965.0,440
2023,1,440,33965.0,441
2023,1,440,33965.0,443
2023,1,440,33965.0,440
2023,1,440,33965.0,440
2023,1,440,33965.0,442
2023,1,440,33965.0,440
2023,1,440,33965.0,440
2023,1,440,33965.0,447
2023,1,440,33965.0,440
2023,1,440,33965.0,441
2023,1,440,33965.0,440
2023,1,440,33965.0,440
2023,1,440,33965.0,440
2023,1,440,33965.0,445
2023,1,440,33965.0,447
2023,1,440,33965.0,443
2023,1,440,33965.0,441
2023,1,440,33965.0,440
2023,1,440,33965.0,442
2023,1,440,33965.0,441
2023,1,440,33965.0,441
2023,1,440,33965.0,440
2023,1,440,33965.0,450
2023,1,440,33965.0,441
2023,1,441,33766.0,450
2023,1,441,33766.0,441
2023,1,441,33766.0,441
2023,1,441,33766.0,442
2023,1,441,33766.0,444
2023,1,441,33766.0,443
2023,1,441,33766.0,450
2023,1,441,33766.0,442
2023,1,441,33766.0,443
2023,1,441,33766.0,441
2023,1,441,33766.0,441
2023,1,441,33766.0,442
2023,1,441,33766.0,441
2023,1,441,33766.0,441
2023,1,441,33766.0,441
2023,1,441,33766.0,441
2023,1,441,33766.0,442
2023,1,441,33766.0,441
2023,1,441,33766.0,441
2023,1,441,33766.0,445
2023,1,441,33766.0,441
2023,1,441,33766.0,446
2023,1,441,33766.0,442
2023,1,441,33766.0,442
2023,1,441,33766.0,446
2023,1,441,33766.0,442
2023,1,441,33766.0,442
2023,1,441,33766.0,456
2023,1,441,33766.0,441
2023,1,441,33766.0,441
2023,1,441,33766.0,443
2023,1,441,33766.0,442
2023,1,441,33766.0,441
2023,1,442,33564.0,444
2023,1,442,33564.0,443
2023,1,442,33564.0,442
2023,1,442,33564.0,458
2023,1,442,33564.0,442
2023,1,442,33564.0,442
2023,1,442,33564.0,444
2023,1,442,33564.0,442
2023,1,442,33564.0,443
2023,1,442,33564.0,444
2023,1,442,33564.0,442
2023,1,442,33564.0,442
2023,1,442,33564.0,443
2023,1,442,33564.0,447
2023,1,442,33564.0,445
2023,1,442,33564.0,446
2023,1,442,33564.0,448
2023,1,442,33564.0,442
2023,1,442,33564.0,445
2023,1,442,33564.0,445
2023,1,442,33564.0,442
2023,1,442,33564.0,444
2023,1,442,33564.0,443
2023,1,442,33564.0,447
2023,1,442,33564.0,442
2023,1,442,33564.0,442
2023,1,442,33564.0,448
2023,1,442,33564.0,443
2023,1,442,33564.0,443
2023,1,442,33564.0,444
2023,1,443,33327.0,443
2023,1,443,33327.0,443
2023,1,443,33327.0,447
2023,1,443,33327.0,446
2023,1,443,33327.0,445
2023,1,443,33327.0,446
2023,1,443,33327.0,444
2023,1,443,33327.0,447
2023,1,443,33327.0,445
2023,1,443,33327.0,444
2023,1,443,33327.0,449
2023,1,443,33327.0,447
2023,1,443,33327.0,445
2023,1,443,33327.0,443
2023,1,443,33327.0,443
2023,1,443,33327.0,444
2023,1,443,33327.0,443
2023,1,443,33327.0,443
2023,1,443,33327.0,444
2023,1,443,33327.0,445
2023,1,443,33327.0,446
2023,1,444,33094.0,444
2023,1,444,33094.0,448
2023,1,444,33094.0,447
2023,1,444,33094.0,446
2023,1,444,33094.0,445
2023,1,444,33094.0,448
2023,1,444,33094.0,448
2023,1,444,33094.0,447
2023,1,444,33094.0,445
2023,1,444,33094.0,448
2023,1,444,33094.0,449
2023,1,444,33094.0,444
2023,1,444,33094.0,444
2023,1,444,33094.0,448
2023,1,444,33094.0,444
2023,1,444,33094.0,445
2023,1,444,33094.0,444
2023,1,444,33094.0,450
2023,1,444,33094.0,444
2023,1,444,33094.0,449
2023,1,444,33094.0,447
2023,1,444,33094.0,448
2023,1,444,33094.0,446
2023,1,444,33094.0,445
2023,1,444,33094.0,448
2023,1,444,33094.0,449
2023,1,444,33094.0,445
2023,1,444,33094.0,449
2023,1,444,33094.0,446
2023,1,444,33094.0,451
2023,1,444,33094.0,449
2023,1,445,32897.0,445
2023,1,445,32897.0,445
2023,1,445,32897.0,458
2023,1,445,32897.0,447
2023,1,445,32897.0,445
2023,1,445,32897.0,447
2023,1,445,32897.0,445
2023,1,445,32897.0,454
2023,1,445,32897.0,449
2023,1,445,32897.0,447
2023,1,445,32897.0,445
2023,1,445,32897.0,449
2023,1,445,32897.0,445
2023,1,445,32897.0,447
2023,1,445,32897.0,448
2023,1,445,32897.0,445
2023,1,445,32897.0,445
2023,1,445,32897.0,449
2023,1,445,32897.0,448
2023,1,445,32897.0,450
2023,1,445,32897.0,449
2023,1,445,32897.0,447
2023,1,445,32897.0,447
2023,1,445,32897.0,445
2023,1,445,32897.0,449
2023,1,445,32897.0,445
2023,1,445,32897.0,448
2023,1,445,32897.0,446
2023,1,445,32897.0,448
2023,1,445,32897.0,448
2023,1,446,32676.0,448
2023,1,446,32676.0,450
2023,1,446,32676.0,449
2023,1,446,32676.0,447
2023,1,446,32676.0,448
2023,1,446,32676.0,447
2023,1,446,32676.0,447
2023,1,446,32676.0,448
2023,1,446,32676.0,451
2023,1,446,32676.0,447
2023,1,446,32676.0,451
2023,1,446,32676.0,446
2023,1,446,32676.0,451
2023,1,446,32676.0,447
2023,1,446,32676.0,450
2023,1,446,32676.0,446
2023,1,446,32676.0,446
2023,1,446,32676.0,448
2023,1,446,32676.0,454
2023,1,446,32676.0,446
2023,1,446,32676.0,446
2023,1,446,32676.0,447
2023,1,446,32676.0,446
2023,1,446,32676.0,453
2023,1,446,32676.0,453
2023,1,446,32676.0,446
2023,1,446,32676.0,449
2023,1,446,32676.0,448
2023,1,446,32676.0,457
2023,1,446,32676.0,447
2023,1,446,32676.0,451
2023,1,446,32676.0,448
2023,1,446,32676.0,446
2023,1,446,32676.0,446
2023,1,447,32460.0,447
2023,1,447,32460.0,447
2023,1,447,32460.0,447
2023,1,447,32460.0,451
2023,1,447,32460.0,451
2023,1,447,32460.0,450
2023,1,447,32460.0,463
2023,1,447,32460.0,456
2023,1,447,32460.0,448
2023,1,447,32460.0,449
2023,1,447,32460.0,450
2023,1,447,32460.0,448
2023,1,447,32460.0,457
2023,1,447,32460.0,449
2023,1,447,32460.0,448
2023,1,447,32460.0,449
2023,1,447,32460.0,447
2023,1,447,32460.0,452
2023,1,447,32460.0,458
2023,1,447,32460.0,448
2023,1,447,32460.0,455
2023,1,447,32460.0,450
2023,1,447,32460.0,450
2023,1,447,32460.0,450
2023,1,447,32460.0,453
2023,1,447,32460.0,449
2023,1,447,32460.0,449
2023,1,447,32460.0,447
2023,1,447,32460.0,447
2023,1,447,32460.0,449
2023,1,447,32460.0,447
2023,1,447,32460.0,447
2023,1,447,32460.0,449
2023,1,447,32460.0,447
2023,1,447,32460.0,449
2023,1,447,32460.0,458
2023,1,447,32460.0,455
2023,1,447,32460.0,447
2023,1,447,32460.0,449
2023,1,448,32236.0,451
2023,1,448,32236.0,452
2023,1,448,32236.0,448
2023,1,448,32236.0,449
2023,1,448,32236.0,450
2023,1,448,32236.0,448
2023,1,448,32236.0,448
2023,1,448,32236.0,448
2023,1,448,32236.0,448
2023,1,448,32236.0,451
2023,1,448,32236.0,451
2023,1,448,32236.0,449
2023,1,448,32236.0,448
2023,1,448,32236.0,457
2023,1,448,32236.0,453
2023,1,448,32236.0,451
2023,1,448,32236.0,453
2023,1,448,32236.0,448
2023,1,448,32236.0,456
2023,1,448,32236.0,455
2023,1,448,32236.0,456
2023,1,448,32236.0,448
2023,1,448,32236.0,448
2023,1,449,32023.0,453
2023,1,449,32023.0,458
2023,1,449,32023.0,452
2023,1,449,32023.0,456
2023,1,449,32023.0,449
2023,1,449,32023.0,457
2023,1,449,32023.0,452
2023,1,449,32023.0,452
2023,1,449,32023.0,451
2023,1,449,32023.0,450
2023,1,449,32023.0,450
2023,1,449,32023.0,458
2023,1,449,32023.0,450
2023,1,449,32023.0,450
2023,1,449,32023.0,449
2023,1,449,32023.0,449
2023,1,449,32023.0,454
2023,1,449,32023.0,457
2023,1,449,32023.0,453
2023,1,449,32023.0,449
2023,1,449,32023.0,451
2023,1,449,32023.0,451
2023,1,450,31821.0,450
2023,1,450,31821.0,450
2023,1,450,31821.0,450
2023,1,450,31821.0,453
2023,1,450,31821.0,451
2023,1,450,31821.0,451
2023,1,450,31821.0,452
2023,1,450,31821.0,453
2023,1,450,31821.0,451
2023,1,450,31821.0,451
2023,1,450,31821.0,451
2023,1,450,31821.0,454
2023,1,450,31821.0,450
2023,1,450,31821.0,457
2023,1,450,31821.0,450
2023,2,450,31821.0,504
2023,1,450,31821.0,454
2023,1,450,31821.0,454
2023,1,450,31821.0,465
2023,1,450,31821.0,451
2023,1,450,31821.0,452
2023,1,450,31821.0,450
2023,1,450,31821.0,452
2023,1,450,31821.0,450
2023,1,450,31821.0,450
2023,1,451,31584.0,452
2023,1,451,31584.0,451
2023,1,451,31584.0,452
2023,1,451,31584.0,451
2023,1,451,31584.0,451
2023,1,451,31584.0,460
2023,1,451,31584.0,464
2023,1,451,31584.0,451
2023,1,451,31584.0,452
2023,1,451,31584.0,457
2023,1,451,31584.0,457
2023,1,451,31584.0,451
2023,1,451,31584.0,451
2023,1,451,31584.0,451
2023,1,451,31584.0,451
2023,1,451,31584.0,451
2023,1,451,31584.0,451
2023,1,451,31584.0,452
2023,1,451,31584.0,452
2023,1,451,31584.0,451
2023,1,451,31584.0,451
2023,1,452,31347.0,453
2023,1,452,31347.0,452
2023,1,452,31347.0,455
2023,1,452,31347.0,452
2023,1,452,31347.0,457
2023,1,452,31347.0,452
2023,1,452,31347.0,453
2023,1,452,31347.0,456
2023,1,452,31347.0,456
2023,1,452,31347.0,456
2023,1,452,31347.0,454
2023,1,452,31347.0,458
2023,1,452,31347.0,454
2023,1,452,31347.0,454
2023,1,452,31347.0,452
2023,1,452,31347.0,453
2023,1,452,31347.0,463
2023,1,452,31347.0,452
2023,1,452,31347.0,455
2023,1,452,31347.0,457
2023,1,452,31347.0,456
2023,1,452,31347.0,457
2023,1,453,31094.0,454
2023,1,453,31094.0,455
2023,1,453,31094.0,457
2023,1,453,31094.0,453
2023,1,453,31094.0,454
2023,1,453,31094.0,453
2023,1,453,31094.0,456
2023,1,453,31094.0,454
2023,1,453,31094.0,453
2023,1,453,31094.0,453
2023,1,453,31094.0,456
2023,1,453,31094.0,456
2023,1,453,31094.0,456
2023,1,453,31094.0,454
2023,1,453,31094.0,457
2023,1,453,31094.0,458
2023,1,453,31094.0,453
2023,1,453,31094.0,453
2023,1,453,31094.0,453
2023,1,453,31094.0,458
2023,1,453,31094.0,454
2023,1,453,31094.0,456
2023,1,453,31094.0,457
2023,1,454,30852.0,461
2023,1,454,30852.0,456
2023,1,454,30852.0,457
2023,1,454,30852.0,456
2023,1,454,30852.0,456
2023,1,454,30852.0,456
2023,1,454,30852.0,458
2023,1,454,30852.0,454
2023,1,454,30852.0,471
2023,1,454,30852.0,459
2023,1,454,30852.0,455
2023,1,454,30852.0,454
2023,1,454,30852.0,458
2023,1,454,30852.0,459
2023,1,454,30852.0,455
2023,1,454,30852.0,454
2023,1,454,30852.0,454
2023,1,454,30852.0,459
2023,1,454,30852.0,463
2023,1,454,30852.0,454
2023,1,454,30852.0,456
2023,1,454,30852.0,455
2023,1,454,30852.0,455
2023,1,454,30852.0,465
2023,1,454,30852.0,458
2023,1,455,30610.0,455
2023,1,455,30610.0,457
2023,1,455,30610.0,455
2023,1,455,30610.0,457
2023,1,455,30610.0,457
2023,1,455,30610.0,459
2023,1,455,30610.0,456
2023,1,455,30610.0,455
2023,1,455,30610.0,457
2023,1,455,30610.0,467
2023,1,455,30610.0,461
2023,1,455,30610.0,463
2023,1,455,30610.0,458
2023,1,455,30610.0,457
2023,1,455,30610.0,465
2023,1,455,30610.0,459
2023,1,455,30610.0,456
2023,1,455,30610.0,455
2023,1,455,30610.0,456
2023,1,455,30610.0,455
2023,1,455,30610.0,457
2023,1,455,30610.0,465
2023,1,455,30610.0,456
2023,1,455,30610.0,459
2023,1,455,30610.0,455
2023,1,456,30385.0,457
2023,1,456,30385.0,457
2023,1,456,30385.0,458
2023,1,456,30385.0,0
2023,1,456,30385.0,468
2023,1,456,30385.0,0
2023,1,456,30385.0,0
2023,1,456,30385.0,463
2023,1,456,30385.0,460
2023,1,456,30385.0,457
2023,1,456,30385.0,456
2023,1,456,30385.0,461
2023,1,456,30385.0,481
2023,1,457,30168.0,459
2023,1,457,30168.0,463
2023,1,457,30168.0,460
2023,1,457,30168.0,457
2023,1,457,30168.0,466
2023,1,457,30168.0,457
2023,1,457,30168.0,0
2023,1,457,30168.0,463
2023,1,457,30168.0,457
2023,1,457,30168.0,457
2023,1,457,30168.0,457
2023,1,457,30168.0,461
2023,1,457,30168.0,460
2023,1,457,30168.0,457
2023,1,457,30168.0,457
2023,1,457,30168.0,463
2023,1,458,29925.0,460
2023,1,458,29925.0,460
2023,1,458,29925.0,470
2023,1,458,29925.0,471
2023,1,458,29925.0,458
2023,1,458,29925.0,462
2023,1,458,29925.0,461
2023,1,458,29925.0,464
2023,1,458,29925.0,458
2023,1,458,29925.0,463
2023,1,458,29925.0,469
2023,1,458,29925.0,459
2023,1,459,29706.0,461
2023,1,459,29706.0,461
2023,1,459,29706.0,463
2023,1,459,29706.0,0
2023,1,459,29706.0,464
2023,1,459,29706.0,459
2023,1,459,29706.0,0
2023,1,459,29706.0,462
2023,1,459,29706.0,463
2023,1,459,29706.0,459
2023,1,459,29706.0,0
2023,1,459,29706.0,466
2023,1,459,29706.0,465
2023,1,459,29706.0,0
2023,1,459,29706.0,461
2023,1,459,29706.0,460
2023,1,459,29706.0,461
2023,1,459,29706.0,459
2023,1,459,29706.0,463
2023,1,459,29706.0,463
2023,1,460,29469.0,465
2023,1,460,29469.0,461
2023,1,460,29469.0,460
2023,1,460,29469.0,466
2023,1,460,29469.0,460
2023,1,460,29469.0,0
2023,1,460,29469.0,460
2023,1,460,29469.0,463
2023,1,460,29469.0,462
2023,1,460,29469.0,465
2023,1,460,29469.0,460
2023,1,460,29469.0,460
2023,1,460,29469.0,460
2023,1,461,29246.0,0
2023,1,461,29246.0,462
2023,1,461,29246.0,465
2023,1,461,29246.0,461
2023,1,461,29246.0,461
2023,1,461,29246.0,461
2023,1,461,29246.0,462
2023,1,461,29246.0,463
2023,1,461,29246.0,463
2023,1,461,29246.0,464
2023,1,461,29246.0,464
2023,1,461,29246.0,469
2023,1,461,29246.0,463
2023,1,461,29246.0,463
2023,1,461,29246.0,466
2023,1,461,29246.0,462
2023,1,462,29013.0,462
2023,1,462,29013.0,464
2023,1,462,29013.0,463
2023,1,462,29013.0,465
2023,1,462,29013.0,465
2023,1,462,29013.0,462
2023,1,462,29013.0,462
2023,1,462,29013.0,466
2023,1,462,29013.0,463
2023,1,462,29013.0,462
2023,1,462,29013.0,467
2023,1,462,29013.0,465
2023,1,462,29013.0,464
2023,1,462,29013.0,463
2023,1,462,29013.0,462
2023,1,462,29013.0,466
2023,1,462,29013.0,462
2023,1,462,29013.0,462
2023,1,463,28788.0,466
2023,1,463,28788.0,470
2023,1,463,28788.0,464
2023,1,463,28788.0,467
2023,1,463,28788.0,464
2023,1,463,28788.0,463
2023,1,463,28788.0,463
2023,1,463,28788.0,465
2023,1,463,28788.0,0
2023,1,463,28788.0,468
2023,1,463,28788.0,466
2023,1,463,28788.0,463
2023,1,463,28788.0,464
2023,1,463,28788.0,467
2023,1,463,28788.0,471
2023,1,463,28788.0,466
2023,1,463,28788.0,471
2023,1,463,28788.0,468
2023,1,463,28788.0,472
2023,1,464,28564.0,475
2023,1,464,28564.0,464
2023,1,464,28564.0,465
2023,1,464,28564.0,468
2023,1,464,28564.0,473
2023,1,464,28564.0,464
2023,1,464,28564.0,467
2023,1,464,28564.0,467
2023,1,464,28564.0,466
2023,1,464,28564.0,466
2023,1,464,28564.0,465
2023,1,464,28564.0,466
2023,1,464,28564.0,467
2023,1,464,28564.0,470
2023,1,464,28564.0,465
2023,1,464,28564.0,464
2023,1,464,28564.0,466
2023,1,465,28319.0,0
2023,1,465,28319.0,0
2023,1,465,28319.0,0
2023,1,465,28319.0,0
2023,1,465,28319.0,466
2023,1,465,28319.0,466
2023,1,465,28319.0,468
2023,1,465,28319.0,478
2023,1,465,28319.0,467
2023,1,465,28319.0,469
2023,1,465,28319.0,471
2023,1,465,28319.0,465
2023,1,465,28319.0,465
2023,1,466,28075.0,471
2023,1,466,28075.0,466
2023,1,466,28075.0,466
2023,1,466,28075.0,475
2023,1,466,28075.0,466
2023,1,466,28075.0,469
2023,1,466,28075.0,467
2023,1,466,28075.0,0
2023,1,466,28075.0,467
2023,1,466,28075.0,466
2023,1,466,28075.0,467
2023,1,466,28075.0,469
2023,1,466,28075.0,473
2023,1,466,28075.0,476
2023,1,466,28075.0,466
2023,1,466,28075.0,473
2023,1,467,27818.0,469
2023,1,467,27818.0,473
2023,1,467,27818.0,468
2023,1,467,27818.0,470
2023,1,467,27818.0,469
2023,1,467,27818.0,469
2023,1,467,27818.0,471
2023,1,467,27818.0,470
2023,1,467,27818.0,471
2023,1,467,27818.0,467
2023,1,467,27818.0,473
2023,1,467,27818.0,469
2023,1,467,27818.0,476
2023,1,467,27818.0,469
2023,1,467,27818.0,469
2023,1,467,27818.0,0
2023,1,467,27818.0,483
2023,1,468,27576.0,473
2023,1,468,27576.0,471
2023,1,468,27576.0,469
2023,1,468,27576.0,470
2023,1,468,27576.0,471
2023,1,468,27576.0,0
2023,1,468,27576.0,468
2023,1,468,27576.0,468
2023,1,468,27576.0,468
2023,1,468,27576.0,469
2023,1,468,27576.0,468
2023,1,468,27576.0,468
2023,1,468,27576.0,469
2023,1,469,27340.0,470
2023,1,469,27340.0,473
2023,1,469,27340.0,473
2023,1,469,27340.0,469
2023,1,469,27340.0,474
2023,1,469,27340.0,470
2023,1,469,27340.0,477
2023,1,469,27340.0,0
2023,1,469,27340.0,0
2023,1,469,27340.0,0
2023,1,469,27340.0,469
2023,1,469,27340.0,470
2023,1,469,27340.0,471
2023,1,469,27340.0,474
2023,1,470,27118.0,474
2023,1,470,27118.0,477
2023,1,470,27118.0,475
2023,1,470,27118.0,470
2023,1,470,27118.0,474
2023,1,470,27118.0,472
2023,1,470,27118.0,473
2023,1,470,27118.0,473
2023,1,470,27118.0,474
2023,1,470,27118.0,470
2023,1,470,27118.0,475
2023,1,470,27118.0,470
2023,1,470,27118.0,471
2023,1,470,27118.0,475
2023,1,470,27118.0,473
2023,1,470,27118.0,470
2023,1,470,27118.0,473
2023,1,470,27118.0,0
2023,1,471,26866.0,472
2023,1,471,26866.0,471
2023,1,471,26866.0,472
2023,1,471,26866.0,475
2023,1,471,26866.0,473
2023,1,471,26866.0,482
2023,1,471,26866.0,471
2023,1,471,26866.0,472
2023,1,471,26866.0,472
2023,1,471,26866.0,472
2023,1,471,26866.0,471
2023,1,471,26866.0,474
2023,1,471,26866.0,471
2023,1,471,26866.0,471
2023,1,471,26866.0,474
2023,1,471,26866.0,480
2023,1,471,26866.0,474
2023,1,472,26613.0,485
2023,1,472,26613.0,473
2023,1,472,26613.0,0
2023,1,472,26613.0,477
2023,1,472,26613.0,475
2023,1,472,26613.0,476
2023,1,472,26613.0,473
2023,1,472,26613.0,472
2023,1,472,26613.0,472
2023,1,472,26613.0,479
2023,1,472,26613.0,475
2023,1,473,26377.0,481
2023,1,473,26377.0,479
2023,1,473,26377.0,478
2023,1,473,26377.0,477
2023,1,473,26377.0,474
2023,1,473,26377.0,473
2023,1,473,26377.0,473
2023,1,474,26112.0,477
2023,1,474,26112.0,484
2023,1,474,26112.0,481
2023,1,474,26112.0,479
2023,1,474,26112.0,480
2023,1,474,26112.0,474
2023,1,474,26112.0,475
2023,1,474,26112.0,477
2023,1,474,26112.0,474
2023,1,474,26112.0,476
2023,1,474,26112.0,480
2023,1,474,26112.0,475
2023,1,474,26112.0,475
2023,1,475,25848.0,478
2023,1,475,25848.0,479
2023,1,475,25848.0,478
2023,1,475,25848.0,475
2023,1,475,25848.0,476
2023,1,475,25848.0,477
2023,1,475,25848.0,478
2023,1,475,25848.0,482
2023,1,475,25848.0,475
2023,1,475,25848.0,482
2023,1,476,25585.0,476
2023,1,476,25585.0,0
2023,1,476,25585.0,481
2023,1,476,25585.0,481
2023,1,476,25585.0,478
2023,1,476,25585.0,476
2023,1,476,25585.0,477
2023,1,476,25585.0,477
2023,1,476,25585.0,476
2023,1,476,25585.0,482
2023,1,476,25585.0,481
2023,1,476,25585.0,476
2023,1,476,25585.0,476
2023,1,477,25351.0,487
2023,1,477,25351.0,488
2023,1,477,25351.0,479
2023,1,477,25351.0,481
2023,1,477,25351.0,477
2023,2,477,25351.0,0
2023,1,477,25351.0,479
2023,1,477,25351.0,482
2023,1,477,25351.0,477
2023,1,477,25351.0,477
2023,1,477,25351.0,478
2023,1,477,25351.0,477
2023,1,477,25351.0,478
2023,1,478,25081.0,479
2023,1,478,25081.0,480
2023,1,478,25081.0,481
2023,1,478,25081.0,478
2023,1,478,25081.0,478
2023,1,478,25081.0,480
2023,1,478,25081.0,485
2023,1,478,25081.0,484
2023,1,478,25081.0,480
2023,1,478,25081.0,481
2023,1,478,25081.0,0
2023,1,478,25081.0,478
2023,1,478,25081.0,481
2023,1,478,25081.0,479
2023,1,478,25081.0,479
2023,1,478,25081.0,483
2023,1,479,24801.0,481
2023,1,479,24801.0,481
2023,1,479,24801.0,483
2023,1,479,24801.0,480
2023,1,479,24801.0,480
2023,1,479,24801.0,480
2023,1,479,24801.0,479
2023,1,479,24801.0,480
2023,1,479,24801.0,482
2023,1,479,24801.0,484
2023,1,479,24801.0,482
2023,1,479,24801.0,482
2023,1,479,24801.0,479
2023,1,479,24801.0,481
2023,1,479,24801.0,482
2023,1,479,24801.0,484
2023,1,479,24801.0,482
2023,1,479,24801.0,487
2023,1,480,24548.0,483
2023,1,480,24548.0,480
2023,1,480,24548.0,480
2023,1,480,24548.0,483
2023,1,480,24548.0,485
2023,1,480,24548.0,481
2023,1,480,24548.0,480
2023,1,480,24548.0,483
2023,1,480,24548.0,480
2023,1,480,24548.0,480
2023,1,480,24548.0,481
2023,1,480,24548.0,490
2023,1,480,24548.0,480
2023,1,480,24548.0,482
2023,1,480,24548.0,480
2023,1,480,24548.0,485
2023,1,481,24317.0,482
2023,1,481,24317.0,485
2023,1,481,24317.0,481
2023,1,481,24317.0,485
2023,1,481,24317.0,484
2023,1,481,24317.0,495
2023,1,481,24317.0,481
2023,1,481,24317.0,490
2023,1,481,24317.0,485
2023,1,481,24317.0,486
2023,1,481,24317.0,486
2023,1,481,24317.0,482
2023,1,482,24077.0,485
2023,1,482,24077.0,494
2023,1,482,24077.0,486
2023,1,482,24077.0,483
2023,1,482,24077.0,484
2023,1,482,24077.0,482
2023,1,482,24077.0,485
2023,1,482,24077.0,485
2023,1,482,24077.0,487
2023,1,482,24077.0,483
2023,1,482,24077.0,486
2023,1,482,24077.0,484
2023,1,482,24077.0,485
2023,1,482,24077.0,484
2023,1,482,24077.0,484
2023,1,483,23814.0,487
2023,1,483,23814.0,485
2023,1,483,23814.0,485
2023,1,483,23814.0,484
2023,1,483,23814.0,483
2023,1,483,23814.0,486
2023,1,483,23814.0,484
2023,1,483,23814.0,484
2023,1,483,23814.0,488
2023,1,483,23814.0,483
2023,1,483,23814.0,488
2023,1,483,23814.0,486
2023,1,483,23814.0,485
2023,1,483,23814.0,497
2023,1,483,23814.0,487
2023,1,484,23581.0,484
2023,1,484,23581.0,486
2023,1,484,23581.0,489
2023,1,484,23581.0,487
2023,1,484,23581.0,485
2023,1,484,23581.0,484
2023,1,484,23581.0,484
2023,1,484,23581.0,485
2023,1,484,23581.0,486
2023,1,484,23581.0,486
2023,1,484,23581.0,487
2023,1,484,23581.0,484
2023,1,484,23581.0,484
2023,1,485,23334.0,486
2023,1,485,23334.0,491
2023,1,485,23334.0,485
2023,1,485,23334.0,486
2023,1,485,23334.0,487
2023,1,485,23334.0,491
2023,1,485,23334.0,486
2023,1,485,23334.0,491
2023,1,485,23334.0,490
2023,1,485,23334.0,489
2023,1,485,23334.0,486
2023,1,485,23334.0,486
2023,1,485,23334.0,488
2023,1,486,23115.0,487
2023,1,486,23115.0,488
2023,1,486,23115.0,492
2023,1,486,23115.0,494
2023,1,486,23115.0,487
2023,1,486,23115.0,490
2023,1,486,23115.0,486
2023,1,486,23115.0,486
2023,1,486,23115.0,488
2023,1,486,23115.0,488
2023,1,486,23115.0,487
2023,1,486,23115.0,490
2023,1,486,23115.0,487
2023,1,486,23115.0,487
2023,1,486,23115.0,487
2023,1,486,23115.0,488
2023,1,486,23115.0,492
2023,1,487,22878.0,489
2023,1,487,22878.0,488
2023,1,487,22878.0,492
2023,1,487,22878.0,489
2023,1,487,22878.0,501
2023,1,487,22878.0,488
2023,1,487,22878.0,496
2023,1,487,22878.0,489
2023,1,487,22878.0,489
2023,1,487,22878.0,490
2023,1,488,22656.0,489
2023,1,488,22656.0,489
2023,1,488,22656.0,489
2023,1,488,22656.0,489
2023,1,488,22656.0,489
2023,1,488,22656.0,490
2023,1,488,22656.0,488
2023,1,488,22656.0,489
2023,1,488,22656.0,492
2023,1,488,22656.0,489
2023,1,488,22656.0,490
2023,1,488,22656.0,489
2023,1,488,22656.0,491
2023,1,488,22656.0,490
2023,1,489,22397.0,490
2023,1,489,22397.0,489
2023,1,489,22397.0,489
2023,1,489,22397.0,493
2023,1,489,22397.0,491
2023,1,489,22397.0,495
2023,1,489,22397.0,493
2023,1,489,22397.0,489
2023,1,489,22397.0,497
2023,1,490,22166.0,495
2023,1,490,22166.0,491
2023,1,490,22166.0,490
2023,1,490,22166.0,494
2023,1,490,22166.0,491
2023,1,490,22166.0,492
2023,1,490,22166.0,491
2023,1,490,22166.0,490
2023,1,490,22166.0,490
2023,1,490,22166.0,490
2023,1,490,22166.0,494
2023,1,490,22166.0,492
2023,1,490,22166.0,496
2023,1,490,22166.0,493
2023,1,490,22166.0,494
2023,1,490,22166.0,490
2023,1,490,22166.0,490
2023,1,490,22166.0,490
2023,1,490,22166.0,492
2023,1,490,22166.0,493
2023,1,490,22166.0,491
2023,1,490,22166.0,499
2023,1,491,21932.0,491
2023,1,491,21932.0,491
2023,1,491,21932.0,491
2023,1,491,21932.0,491
2023,1,491,21932.0,494
2023,1,491,21932.0,491
2023,1,491,21932.0,491
2023,1,491,21932.0,491
2023,1,491,21932.0,494
2023,1,491,21932.0,491
2023,1,491,21932.0,495
2023,1,491,21932.0,495
2023,1,491,21932.0,492
2023,1,491,21932.0,494
2023,1,491,21932.0,494
2023,1,491,21932.0,493
2023,1,491,21932.0,493
2023,1,491,21932.0,491
2023,1,491,21932.0,492
2023,1,491,21932.0,495
2023,1,491,21932.0,492
2023,1,492,21695.0,492
2023,1,492,21695.0,495
2023,1,492,21695.0,492
2023,1,492,21695.0,494
2023,1,492,21695.0,492
2023,1,492,21695.0,493
2023,1,492,21695.0,493
2023,1,492,21695.0,497
2023,1,492,21695.0,0
2023,1,492,21695.0,493
2023,1,492,21695.0,493
2023,1,492,21695.0,492
2023,1,492,21695.0,497
2023,1,492,21695.0,495
2023,1,493,21430.0,494
2023,1,493,21430.0,495
2023,1,493,21430.0,500
2023,1,493,21430.0,496
2023,1,493,21430.0,493
2023,1,493,21430.0,497
2023,1,493,21430.0,498
2023,1,493,21430.0,493
2023,1,493,21430.0,493
2023,1,493,21430.0,493
2023,1,493,21430.0,498
2023,1,493,21430.0,494
2023,1,493,21430.0,497
2023,1,493,21430.0,497
2023,1,493,21430.0,498
2023,1,493,21430.0,493
2023,1,493,21430.0,495
2023,1,494,21165.0,501
2023,1,494,21165.0,494
2023,1,494,21165.0,494
2023,1,494,21165.0,494
2023,1,494,21165.0,501
2023,1,494,21165.0,498
2023,1,494,21165.0,494
2023,1,494,21165.0,494
2023,1,494,21165.0,498
2023,1,494,21165.0,494
2023,1,494,21165.0,496
2023,1,494,21165.0,497
2023,1,494,21165.0,494
2023,1,494,21165.0,495
2023,1,494,21165.0,495
2023,1,494,21165.0,494
2023,1,494,21165.0,498
2023,1,494,21165.0,496
2023,1,495,20893.0,501
2023,1,495,20893.0,495
2023,1,495,20893.0,495
2023,1,495,20893.0,498
2023,1,495,20893.0,500
2023,1,495,20893.0,495
2023,1,495,20893.0,498
2023,1,495,20893.0,495
2023,1,495,20893.0,495
2023,1,495,20893.0,496
2023,1,495,20893.0,495
2023,1,495,20893.0,497
2023,1,495,20893.0,501
2023,1,495,20893.0,497
2023,1,496,20653.0,496
2023,1,496,20653.0,500
2023,1,496,20653.0,497
2023,1,496,20653.0,502
2023,1,496,20653.0,497
2023,1,496,20653.0,498
2023,1,496,20653.0,496
2023,1,496,20653.0,496
2023,1,496,20653.0,496
2023,1,496,20653.0,504
2023,1,496,20653.0,496
2023,1,496,20653.0,501
2023,1,496,20653.0,496
2023,1,496,20653.0,500
2023,1,497,20398.0,497
2023,1,497,20398.0,498
2023,1,497,20398.0,498
2023,1,497,20398.0,497
2023,1,497,20398.0,503
2023,1,497,20398.0,505
2023,1,497,20398.0,500
2023,1,497,20398.0,497
2023,1,497,20398.0,503
2023,1,497,20398.0,497
2023,1,497,20398.0,500
2023,1,497,20398.0,498
2023,1,497,20398.0,500
2023,1,497,20398.0,503
2023,1,497,20398.0,497
2023,1,497,20398.0,498
2023,1,497,20398.0,499
2023,1,497,20398.0,498
2023,1,497,20398.0,499
2023,1,497,20398.0,499
2023,1,497,20398.0,499
2023,1,497,20398.0,497
2023,1,497,20398.0,497
2023,1,498,20181.0,501
2023,1,498,20181.0,500
2023,1,498,20181.0,500
2023,1,498,20181.0,500
2023,1,498,20181.0,501
2023,1,498,20181.0,501
2023,1,498,20181.0,499
2023,1,498,20181.0,499
2023,1,498,20181.0,498
2023,1,498,20181.0,501
2023,1,498,20181.0,498
2023,1,498,20181.0,502
2023,1,498,20181.0,498
2023,1,498,20181.0,499
2023,1,499,19921.0,499
2023,1,499,19921.0,501
2023,1,499,19921.0,502
2023,1,499,19921.0,499
2023,1,499,19921.0,0
2023,1,499,19921.0,501
2023,1,499,19921.0,499
2023,1,499,19921.0,0
2023,1,499,19921.0,0
2023,1,499,19921.0,0
2023,1,499,19921.0,0
2023,1,499,19921.0,499
2023,1,499,19921.0,500
2023,1,499,19921.0,499
2023,1,499,19921.0,501
2023,1,499,19921.0,0
2023,1,499,19921.0,507
2023,1,499,19921.0,502
2023,1,499,19921.0,503
2023,1,499,19921.0,500
2023,1,499,19921.0,503
2023,1,499,19921.0,504
2023,1,499,19921.0,500
2023,1,499,19921.0,500
2023,1,499,19921.0,500
2023,1,500,19672.0,503
2023,1,500,19672.0,500
2023,1,500,19672.0,503
2023,1,500,19672.0,500
2023,1,500,19672.0,500
2023,1,500,19672.0,0
2023,1,500,19672.0,508
2023,1,500,19672.0,502
2023,1,500,19672.0,500
2023,1,500,19672.0,503
2023,1,500,19672.0,502
2023,1,500,19672.0,501
2023,1,500,19672.0,502
2023,1,500,19672.0,504
2023,1,500,19672.0,505
2023,1,500,19672.0,505
2023,1,500,19672.0,500
2023,1,500,19672.0,510
2023,1,501,19420.0,503
2023,1,501,19420.0,506
2023,1,501,19420.0,505
2023,1,501,19420.0,501
2023,1,501,19420.0,505
2023,1,501,19420.0,501
2023,1,501,19420.0,505
2023,1,501,19420.0,507
2023,1,501,19420.0,504
2023,1,501,19420.0,502
2023,1,501,19420.0,510
2023,1,501,19420.0,501
2023,1,501,19420.0,502
2023,1,502,19158.0,502
2023,1,502,19158.0,506
2023,1,502,19158.0,503
2023,1,502,19158.0,503
2023,1,502,19158.0,503
2023,1,502,19158.0,0
2023,1,502,19158.0,0
2023,1,502,19158.0,0
2023,1,502,19158.0,0
2023,1,502,19158.0,0
2023,1,502,19158.0,504
2023,1,502,19158.0,504
2023,1,503,18898.0,503
2023,1,503,18898.0,503
2023,1,503,18898.0,0
2023,1,503,18898.0,505
2023,1,503,18898.0,504
2023,1,503,18898.0,506
2023,1,503,18898.0,505
2023,1,503,18898.0,503
2023,1,503,18898.0,503
2023,1,503,18898.0,504
2023,1,503,18898.0,503
2023,1,503,18898.0,503
2023,1,503,18898.0,0
2023,1,504,18635.0,505
2023,1,504,18635.0,505
2023,1,504,18635.0,506
2023,1,504,18635.0,505
2023,1,504,18635.0,504
2023,1,504,18635.0,508
2023,1,504,18635.0,506
2023,1,504,18635.0,505
2023,1,504,18635.0,507
2023,1,504,18635.0,504
2023,1,505,18398.0,0
2023,1,505,18398.0,508
2023,1,505,18398.0,505
2023,1,505,18398.0,506
2023,1,505,18398.0,506
2023,1,505,18398.0,513
2023,1,505,18398.0,505
2023,1,505,18398.0,506
2023,1,505,18398.0,512
2023,1,505,18398.0,510
2023,1,505,18398.0,505
2023,1,505,18398.0,509
2023,1,505,18398.0,0
2023,1,505,18398.0,0
2023,1,505,18398.0,0
2023,1,505,18398.0,508
2023,1,506,18118.0,510
2023,1,506,18118.0,506
2023,1,506,18118.0,512
2023,1,506,18118.0,507
2023,1,506,18118.0,506
2023,1,506,18118.0,507
2023,1,506,18118.0,0
2023,1,506,18118.0,513
2023,1,507,17863.0,511
2023,1,507,17863.0,512
2023,1,507,17863.0,0
2023,1,507,17863.0,507
2023,1,507,17863.0,509
2023,1,507,17863.0,507
2023,1,507,17863.0,508
2023,1,507,17863.0,507
2023,1,507,17863.0,507
2023,1,507,17863.0,513
2023,1,507,17863.0,509
2023,1,507,17863.0,510
2023,1,507,17863.0,509
2023,1,507,17863.0,507
2023,1,507,17863.0,510
2023,1,508,17631.0,514
2023,1,508,17631.0,511
2023,1,508,17631.0,510
2023,1,508,17631.0,509
2023,1,508,17631.0,510
2023,1,508,17631.0,509
2023,1,508,17631.0,513
2023,1,508,17631.0,512
2023,1,508,17631.0,508
2023,1,508,17631.0,512
2023,1,508,17631.0,508
2023,1,508,17631.0,509
2023,1,508,17631.0,511
2023,1,509,17377.0,512
2023,1,509,17377.0,512
2023,1,509,17377.0,513
2023,1,509,17377.0,509
2023,1,509,17377.0,511
2023,1,509,17377.0,516
2023,1,509,17377.0,512
2023,1,509,17377.0,509
2023,1,509,17377.0,515
2023,1,509,17377.0,509
2023,1,509,17377.0,516
2023,1,509,17377.0,510
2023,1,509,17377.0,514
2023,1,510,17139.0,510
2023,1,510,17139.0,510
2023,1,510,17139.0,511
2023,1,510,17139.0,513
2023,1,510,17139.0,513
2023,1,510,17139.0,514
2023,1,510,17139.0,0
2023,1,510,17139.0,510
2023,1,510,17139.0,510
2023,1,510,17139.0,514
2023,1,510,17139.0,510
2023,1,510,17139.0,512
2023,1,510,17139.0,517
2023,1,510,17139.0,513
2023,1,510,17139.0,510
2023,1,510,17139.0,510
2023,1,510,17139.0,513
2023,1,510,17139.0,511
2023,1,510,17139.0,512
2023,1,510,17139.0,514
2023,1,510,17139.0,510
2023,1,511,16921.0,511
2023,1,511,16921.0,513
2023,1,511,16921.0,512
2023,1,511,16921.0,511
2023,1,511,16921.0,511
2023,1,511,16921.0,515
2023,1,511,16921.0,515
2023,1,511,16921.0,513
2023,1,511,16921.0,526
2023,1,511,16921.0,518
2023,1,511,16921.0,517
2023,1,511,16921.0,511
2023,1,511,16921.0,511
2023,1,512,16670.0,515
2023,1,512,16670.0,515
2023,1,512,16670.0,516
2023,1,512,16670.0,513
2023,1,512,16670.0,515
2023,1,512,16670.0,512
2023,1,512,16670.0,512
2023,1,512,16670.0,517
2023,1,512,16670.0,513
2023,1,512,16670.0,520
2023,1,512,16670.0,512
2023,1,512,16670.0,514
2023,1,512,16670.0,516
2023,1,512,16670.0,512
2023,1,512,16670.0,514
2023,1,513,16423.0,517
2023,1,513,16423.0,513
2023,1,513,16423.0,514
2023,1,513,16423.0,515
2023,1,513,16423.0,513
2023,1,513,16423.0,514
2023,1,513,16423.0,515
2023,1,513,16423.0,515
2023,1,513,16423.0,513
2023,1,513,16423.0,520
2023,1,513,16423.0,513
2023,1,513,16423.0,516
2023,1,513,16423.0,517
2023,1,513,16423.0,514
2023,1,513,16423.0,513
2023,1,513,16423.0,513
2023,1,513,16423.0,515
2023,1,513,16423.0,519
2023,1,513,16423.0,515
2023,1,513,16423.0,515
2023,1,513,16423.0,516
2023,1,514,16172.0,0
2023,1,514,16172.0,0
2023,1,514,16172.0,514
2023,1,514,16172.0,525
2023,1,514,16172.0,519
2023,1,514,16172.0,515
2023,1,514,16172.0,517
2023,1,514,16172.0,519
2023,1,514,16172.0,515
2023,1,514,16172.0,515
2023,1,515,15916.0,0
2023,1,515,15916.0,515
2023,1,515,15916.0,517
2023,1,515,15916.0,516
2023,1,515,15916.0,516
2023,1,515,15916.0,515
2023,1,515,15916.0,515
2023,1,515,15916.0,518
2023,1,515,15916.0,516
2023,1,515,15916.0,517
2023,1,515,15916.0,516
2023,1,515,15916.0,518
2023,1,515,15916.0,520
2023,1,515,15916.0,516
2023,1,515,15916.0,517
2023,1,515,15916.0,516
2023,1,515,15916.0,522
2023,1,515,15916.0,516
2023,1,516,15632.0,530
2023,1,516,15632.0,520
2023,1,516,15632.0,521
2023,1,516,15632.0,517
2023,1,516,15632.0,519
2023,1,516,15632.0,520
2023,1,516,15632.0,517
2023,1,516,15632.0,518
2023,1,516,15632.0,516
2023,1,517,15390.0,517
2023,1,517,15390.0,519
2023,1,517,15390.0,520
2023,1,517,15390.0,520
2023,1,517,15390.0,518
2023,1,517,15390.0,517
2023,1,517,15390.0,517
2023,1,517,15390.0,519
2023,1,517,15390.0,517
2023,1,517,15390.0,517
2023,1,517,15390.0,524
2023,1,517,15390.0,517
2023,1,517,15390.0,517
2023,1,517,15390.0,524
2023,1,517,15390.0,527
2023,1,517,15390.0,518
2023,1,518,15161.0,521
2023,1,518,15161.0,523
2023,1,518,15161.0,524
2023,1,518,15161.0,518
2023,1,518,15161.0,520
2023,1,518,15161.0,524
2023,1,518,15161.0,519
2023,1,518,15161.0,520
2023,1,518,15161.0,521
2023,1,518,15161.0,520
2023,1,518,15161.0,521
2023,1,518,15161.0,520
2023,1,518,15161.0,518
2023,1,518,15161.0,519
2023,1,519,14925.0,520
2023,1,519,14925.0,520
2023,1,519,14925.0,521
2023,1,519,14925.0,519
2023,1,519,14925.0,519
2023,1,519,14925.0,519
2023,1,519,14925.0,523
2023,1,519,14925.0,520
2023,1,519,14925.0,520
2023,1,519,14925.0,520
2023,1,519,14925.0,519
2023,1,519,14925.0,520
2023,1,519,14925.0,523
2023,1,519,14925.0,523
2023,1,520,14672.0,521
2023,1,520,14672.0,522
2023,1,520,14672.0,522
2023,1,520,14672.0,520
2023,1,520,14672.0,522
2023,1,520,14672.0,521
2023,1,520,14672.0,524
2023,1,520,14672.0,526
2023,1,520,14672.0,522
2023,1,520,14672.0,523
2023,1,520,14672.0,522
2023,1,520,14672.0,522
2023,1,520,14672.0,521
2023,1,520,14672.0,520
2023,1,520,14672.0,520
2023,1,520,14672.0,525
2023,1,521,14416.0,521
2023,1,521,14416.0,521
2023,1,521,14416.0,521
2023,1,521,14416.0,531
2023,1,521,14416.0,529
2023,1,521,14416.0,521
2023,1,521,14416.0,522
2023,1,521,14416.0,521
2023,1,521,14416.0,521
2023,1,521,14416.0,521
2023,1,521,14416.0,522
2023,1,522,14182.0,525
2023,1,522,14182.0,523
2023,1,522,14182.0,526
2023,1,522,14182.0,525
2023,1,522,14182.0,529
2023,1,522,14182.0,522
2023,1,522,14182.0,525
2023,1,522,14182.0,523
2023,1,522,14182.0,522
2023,1,522,14182.0,522
2023,1,522,14182.0,527
2023,1,522,14182.0,522
2023,1,522,14182.0,522
2023,1,522,14182.0,522
2023,1,522,14182.0,523
2023,1,522,14182.0,525
2023,1,522,14182.0,522
2023,1,523,13919.0,528
2023,1,523,13919.0,526
2023,1,523,13919.0,525
2023,1,523,13919.0,529
2023,1,523,13919.0,523
2023,1,523,13919.0,524
2023,1,523,13919.0,529
2023,1,523,13919.0,526
2023,1,523,13919.0,528
2023,1,523,13919.0,523
2023,1,523,13919.0,529
2023,1,523,13919.0,524
2023,1,523,13919.0,528
2023,1,524,13663.0,532
2023,1,524,13663.0,524
2023,1,524,13663.0,0
2023,1,524,13663.0,524
2023,1,524,13663.0,525
2023,1,524,13663.0,527
2023,1,524,13663.0,526
2023,1,524,13663.0,527
2023,1,524,13663.0,0
2023,1,524,13663.0,524
2023,1,524,13663.0,524
2023,1,524,13663.0,530
2023,1,524,13663.0,525
2023,1,524,13663.0,529
2023,1,524,13663.0,525
2023,1,525,13398.0,527
2023,1,525,13398.0,525
2023,1,525,13398.0,528
2023,1,525,13398.0,525
2023,1,525,13398.0,525
2023,1,525,13398.0,528
2023,1,525,13398.0,525
2023,1,525,13398.0,529
2023,1,525,13398.0,528
2023,1,525,13398.0,525
2023,1,525,13398.0,526
2023,1,525,13398.0,525
2023,1,525,13398.0,525
2023,1,525,13398.0,529
2023,1,526,13152.0,526
2023,1,526,13152.0,526
2023,1,526,13152.0,526
2023,1,526,13152.0,529
2023,1,526,13152.0,533
2023,1,526,13152.0,530
2023,1,526,13152.0,530
2023,1,526,13152.0,532
2023,1,526,13152.0,527
2023,1,526,13152.0,527
2023,1,527,12910.0,531
2023,1,527,12910.0,529
2023,1,527,12910.0,528
2023,1,527,12910.0,529
2023,1,527,12910.0,529
2023,1,527,12910.0,528
2023,1,527,12910.0,527
2023,1,527,12910.0,528
2023,1,527,12910.0,530
2023,1,527,12910.0,532
2023,1,527,12910.0,531
2023,1,527,12910.0,532
2023,1,527,12910.0,527
2023,1,527,12910.0,528
2023,1,527,12910.0,531
2023,1,527,12910.0,527
2023,1,527,12910.0,527
2023,1,528,12669.0,529
2023,1,528,12669.0,528
2023,1,528,12669.0,531
2023,1,528,12669.0,532
2023,1,528,12669.0,528
2023,1,528,12669.0,533
2023,1,528,12669.0,529
2023,1,528,12669.0,532
2023,1,528,12669.0,528
2023,1,528,12669.0,534
2023,1,528,12669.0,530
2023,1,529,12442.0,533
2023,1,529,12442.0,535
2023,1,529,12442.0,529
2023,1,529,12442.0,530
2023,1,529,12442.0,529
2023,1,529,12442.0,533
2023,1,530,12194.0,531
2023,1,530,12194.0,534
2023,1,530,12194.0,533
2023,1,530,12194.0,532
2023,1,530,12194.0,535
2023,1,530,12194.0,531
2023,1,530,12194.0,530
2023,1,530,12194.0,533
2023,1,530,12194.0,539
2023,1,530,12194.0,531
2023,1,530,12194.0,532
2023,1,530,12194.0,538
2023,1,530,12194.0,530
2023,1,530,12194.0,532
2023,1,531,11977.0,533
2023,1,531,11977.0,532
2023,1,531,11977.0,532
2023,1,531,11977.0,532
2023,1,531,11977.0,533
2023,1,531,11977.0,533
2023,1,531,11977.0,534
2023,1,531,11977.0,533
2023,1,531,11977.0,531
2023,1,531,11977.0,535
2023,1,531,11977.0,532
2023,1,531,11977.0,534
2023,1,531,11977.0,532
2023,1,531,11977.0,531
2023,1,531,11977.0,531
2023,1,531,11977.0,536
2023,1,532,11739.0,532
2023,1,532,11739.0,532
2023,1,532,11739.0,532
2023,1,532,11739.0,535
2023,1,532,11739.0,532
2023,1,532,11739.0,537
2023,1,532,11739.0,532
2023,1,532,11739.0,533
2023,1,533,11501.0,536
2023,1,533,11501.0,534
2023,1,533,11501.0,536
2023,1,533,11501.0,534
2023,1,533,11501.0,535
2023,1,533,11501.0,536
2023,1,533,11501.0,534
2023,1,533,11501.0,534
2023,1,533,11501.0,534
2023,1,533,11501.0,534
2023,1,533,11501.0,534
2023,1,533,11501.0,533
2023,1,533,11501.0,534
2023,1,534,11276.0,535
2023,1,534,11276.0,537
2023,1,534,11276.0,537
2023,1,534,11276.0,534
2023,1,534,11276.0,536
2023,1,534,11276.0,534
2023,1,534,11276.0,536
2023,1,534,11276.0,535
2023,1,534,11276.0,535
2023,1,534,11276.0,536
2023,1,535,11029.0,536
2023,1,535,11029.0,535
2023,1,535,11029.0,537
2023,1,535,11029.0,535
2023,1,535,11029.0,537
2023,1,535,11029.0,536
2023,1,535,11029.0,539
2023,1,535,11029.0,536
2023,1,535,11029.0,536
2023,1,535,11029.0,535
2023,1,535,11029.0,537
2023,1,535,11029.0,536
2023,1,535,11029.0,536
2023,1,535,11029.0,537
2023,1,535,11029.0,539
2023,1,535,11029.0,536
2023,1,535,11029.0,535
2023,1,535,11029.0,542
2023,1,535,11029.0,535
2023,1,536,10808.0,545
2023,1,536,10808.0,536
2023,1,536,10808.0,536
2023,1,536,10808.0,536
2023,1,536,10808.0,536
2023,1,536,10808.0,540
2023,1,536,10808.0,540
2023,1,536,10808.0,537
2023,1,536,10808.0,536
2023,1,536,10808.0,537
2023,1,536,10808.0,538
2023,1,536,10808.0,537
2023,1,536,10808.0,541
2023,1,536,10808.0,540
2023,1,536,10808.0,539
2023,1,536,10808.0,537
2023,1,536,10808.0,537
2023,1,536,10808.0,538
2023,1,536,10808.0,536
2023,1,536,10808.0,536
2023,1,536,10808.0,537
2023,1,537,10565.0,538
2023,1,537,10565.0,538
2023,1,537,10565.0,537
2023,1,537,10565.0,537
2023,1,537,10565.0,537
2023,1,537,10565.0,538
2023,1,537,10565.0,539
2023,1,537,10565.0,538
2023,1,537,10565.0,0
2023,1,537,10565.0,542
2023,1,537,10565.0,539
2023,1,537,10565.0,538
2023,1,537,10565.0,543
2023,1,537,10565.0,538
2023,1,537,10565.0,541
2023,1,537,10565.0,538
2023,1,537,10565.0,542
2023,1,537,10565.0,541
2023,1,537,10565.0,537
2023,1,538,10340.0,540
2023,1,538,10340.0,539
2023,1,538,10340.0,538
2023,1,538,10340.0,541
2023,1,538,10340.0,538
2023,1,538,10340.0,539
2023,1,538,10340.0,538
2023,1,538,10340.0,538
2023,1,538,10340.0,546
2023,1,538,10340.0,538
2023,1,538,10340.0,539
2023,1,538,10340.0,543
2023,1,538,10340.0,538
2023,1,538,10340.0,539
2023,1,538,10340.0,539
2023,1,538,10340.0,538
2023,1,538,10340.0,540
2023,1,538,10340.0,539
2023,1,538,10340.0,0
2023,1,538,10340.0,539
2023,1,538,10340.0,538
2023,1,538,10340.0,538
2023,1,538,10340.0,538
2023,1,538,10340.0,539
2023,1,539,10105.0,540
2023,1,539,10105.0,555
2023,1,539,10105.0,540
2023,1,539,10105.0,540
2023,1,539,10105.0,539
2023,1,539,10105.0,539
2023,1,539,10105.0,539
2023,1,539,10105.0,541
2023,1,539,10105.0,540
2023,1,539,10105.0,540
2023,1,539,10105.0,539
2023,1,539,10105.0,540
2023,1,539,10105.0,539
2023,1,539,10105.0,544
2023,1,539,10105.0,542
2023,1,539,10105.0,540
2023,1,539,10105.0,544
2023,1,539,10105.0,544
2023,1,539,10105.0,539
2023,1,539,10105.0,540
2023,1,540,9864.0,540
2023,1,540,9864.0,540
2023,1,540,9864.0,540
2023,1,540,9864.0,540
2023,1,540,9864.0,543
2023,1,540,9864.0,540
2023,1,540,9864.0,541
2023,1,540,9864.0,0
2023,1,540,9864.0,541
2023,1,540,9864.0,548
2023,1,540,9864.0,540
2023,1,540,9864.0,541
2023,1,540,9864.0,540
2023,1,540,9864.0,540
2023,1,540,9864.0,540
2023,1,540,9864.0,542
2023,1,540,9864.0,546
2023,1,540,9864.0,543
2023,1,541,9655.0,541
2023,1,541,9655.0,542
2023,1,541,9655.0,542
2023,1,541,9655.0,541
2023,1,541,9655.0,541
2023,1,541,9655.0,541
2023,1,541,9655.0,543
2023,1,541,9655.0,541
2023,1,541,9655.0,544
2023,1,541,9655.0,541
2023,1,541,9655.0,542
2023,1,541,9655.0,542
2023,1,541,9655.0,541
2023,1,541,9655.0,541
2023,1,541,9655.0,541
2023,1,541,9655.0,542
2023,1,541,9655.0,541
2023,1,541,9655.0,545
2023,1,541,9655.0,542
2023,1,541,9655.0,544
2023,1,541,9655.0,544
2023,1,541,9655.0,542
2023,1,541,9655.0,542
2023,1,541,9655.0,0
2023,1,542,9418.0,549
2023,1,542,9418.0,543
2023,1,542,9418.0,542
2023,1,542,9418.0,547
2023,1,542,9418.0,542
2023,1,542,9418.0,543
2023,1,542,9418.0,542
2023,1,542,9418.0,545
2023,1,542,9418.0,542
2023,1,542,9418.0,543
2023,1,542,9418.0,548
2023,1,542,9418.0,549
2023,1,542,9418.0,544
2023,1,542,9418.0,542
2023,1,542,9418.0,544
2023,1,542,9418.0,546
2023,1,542,9418.0,543
2023,1,542,9418.0,543
2023,1,542,9418.0,543
2023,1,542,9418.0,543
2023,1,542,9418.0,544
2023,1,542,9418.0,542
2023,1,542,9418.0,542
2023,1,543,9179.0,547
2023,1,543,9179.0,543
2023,1,543,9179.0,544
2023,1,543,9179.0,543
2023,1,543,9179.0,544
2023,1,543,9179.0,546
2023,1,543,9179.0,543
2023,1,543,9179.0,543
2023,1,543,9179.0,543
2023,1,543,9179.0,546
2023,1,543,9179.0,546
2023,1,543,9179.0,543
2023,1,543,9179.0,544
2023,1,543,9179.0,543
2023,1,543,9179.0,543
2023,1,543,9179.0,546
2023,1,543,9179.0,544
2023,1,543,9179.0,544
2023,1,543,9179.0,544
2023,1,543,9179.0,546
2023,1,543,9179.0,551
2023,1,543,9179.0,543
2023,1,543,9179.0,543
2023,1,544,8940.0,545
2023,1,544,8940.0,544
2023,1,544,8940.0,544
2023,1,544,8940.0,546
2023,1,544,8940.0,544
2023,1,544,8940.0,550
2023,1,544,8940.0,550
2023,1,544,8940.0,544
2023,1,544,8940.0,544
2023,1,544,8940.0,553
2023,1,544,8940.0,544
2023,1,544,8940.0,545
2023,1,544,8940.0,545
2023,1,544,8940.0,545
2023,1,544,8940.0,545
2023,1,544,8940.0,545
2023,1,544,8940.0,547
2023,1,544,8940.0,544
2023,1,544,8940.0,544
2023,1,545,8712.0,545
2023,1,545,8712.0,547
2023,1,545,8712.0,545
2023,1,545,8712.0,547
2023,1,545,8712.0,548
2023,1,545,8712.0,550
2023,1,545,8712.0,547
2023,1,545,8712.0,550
2023,1,545,8712.0,547
2023,1,545,8712.0,547
2023,1,545,8712.0,546
2023,1,545,8712.0,547
2023,1,545,8712.0,545
2023,1,545,8712.0,545
2023,1,545,8712.0,545
2023,1,545,8712.0,548
2023,1,545,8712.0,546
2023,1,545,8712.0,545
2023,1,545,8712.0,547
2023,1,545,8712.0,545
2023,1,545,8712.0,545
2023,1,545,8712.0,546
2023,1,545,8712.0,545
2023,1,545,8712.0,550
2023,1,545,8712.0,545
2023,1,545,8712.0,548
2023,1,545,8712.0,547
2023,1,546,8464.0,546
2023,1,546,8464.0,547
2023,1,546,8464.0,548
2023,1,546,8464.0,546
2023,1,546,8464.0,552
2023,1,546,8464.0,546
2023,1,546,8464.0,546
2023,1,546,8464.0,548
2023,1,546,8464.0,548
2023,1,546,8464.0,549
2023,1,546,8464.0,548
2023,1,546,8464.0,546
2023,1,546,8464.0,554
2023,1,546,8464.0,546
2023,1,546,8464.0,547
2023,1,546,8464.0,547
2023,1,546,8464.0,546
2023,1,547,8255.0,547
2023,1,547,8255.0,547
2023,1,547,8255.0,550
2023,1,547,8255.0,547
2023,1,547,8255.0,547
2023,1,547,8255.0,549
2023,1,547,8255.0,548
2023,1,547,8255.0,547
2023,1,547,8255.0,547
2023,1,547,8255.0,547
2023,1,548,8061.0,548
2023,1,548,8061.0,550
2023,1,548,8061.0,552
2023,1,548,8061.0,548
2023,1,548,8061.0,554
2023,1,548,8061.0,548
2023,1,548,8061.0,549
2023,1,548,8061.0,548
2023,1,548,8061.0,550
2023,1,548,8061.0,549
2023,1,548,8061.0,550
2023,1,548,8061.0,551
2023,1,548,8061.0,549
2023,1,548,8061.0,551
2023,1,548,8061.0,550
2023,1,549,7855.0,551
2023,1,549,7855.0,549
2023,1,549,7855.0,551
2023,1,549,7855.0,549
2023,1,549,7855.0,550
2023,1,549,7855.0,549
2023,1,549,7855.0,552
2023,1,549,7855.0,549
2023,1,549,7855.0,549
2023,1,550,7651.0,552
2023,1,550,7651.0,550
2023,1,550,7651.0,550
2023,1,550,7651.0,554
2023,1,550,7651.0,551
2023,1,550,7651.0,551
2023,1,550,7651.0,552
2023,1,550,7651.0,550
2023,1,550,7651.0,552
2023,1,550,7651.0,550
2023,1,550,7651.0,550
2023,1,551,7444.0,552
2023,1,551,7444.0,551
2023,1,551,7444.0,551
2023,1,551,7444.0,552
2023,1,551,7444.0,551
2023,1,551,7444.0,551
2023,1,551,7444.0,554
2023,1,551,7444.0,551
2023,1,551,7444.0,555
2023,1,551,7444.0,552
2023,1,552,7242.0,555
2023,1,552,7242.0,558
2023,1,552,7242.0,552
2023,1,552,7242.0,552
2023,1,552,7242.0,552
2023,1,552,7242.0,553
2023,1,552,7242.0,552
2023,1,552,7242.0,554
2023,1,552,7242.0,554
2023,1,552,7242.0,556
2023,1,552,7242.0,552
2023,1,552,7242.0,552
2023,1,553,7041.0,554
2023,1,553,7041.0,558
2023,1,553,7041.0,553
2023,1,553,7041.0,555
2023,1,553,7041.0,553
2023,1,553,7041.0,556
2023,1,553,7041.0,553
2023,1,553,7041.0,555
2023,1,553,7041.0,554
2023,1,553,7041.0,553
2023,1,553,7041.0,558
2023,1,553,7041.0,557
2023,1,553,7041.0,553
2023,1,553,7041.0,554
2023,1,554,6846.0,555
2023,1,554,6846.0,555
2023,1,554,6846.0,554
2023,1,554,6846.0,554
2023,1,554,6846.0,556
2023,1,554,6846.0,556
2023,1,554,6846.0,557
2023,1,554,6846.0,558
2023,1,554,6846.0,555
2023,1,554,6846.0,558
2023,1,554,6846.0,556
2023,1,554,6846.0,557
2023,1,554,6846.0,556
2023,1,555,6649.0,558
2023,1,555,6649.0,555
2023,1,555,6649.0,555
2023,1,555,6649.0,555
2023,1,555,6649.0,557
2023,1,555,6649.0,556
2023,1,555,6649.0,560
2023,1,555,6649.0,558
2023,1,555,6649.0,556
2023,1,556,6451.0,556
2023,1,556,6451.0,557
2023,1,556,6451.0,557
2023,1,556,6451.0,560
2023,1,556,6451.0,558
2023,1,556,6451.0,556
2023,1,556,6451.0,556
2023,1,556,6451.0,556
2023,1,556,6451.0,559
2023,1,556,6451.0,557
2023,1,556,6451.0,558
2023,1,557,6238.0,558
2023,1,557,6238.0,565
2023,1,557,6238.0,558
2023,1,557,6238.0,558
2023,1,557,6238.0,557
2023,1,557,6238.0,557
2023,1,557,6238.0,560
2023,1,557,6238.0,558
2023,1,557,6238.0,558
2023,1,557,6238.0,558
2023,1,557,6238.0,558
2023,1,557,6238.0,559
2023,1,558,6028.0,561
2023,1,558,6028.0,558
2023,1,558,6028.0,559
2023,1,558,6028.0,559
2023,1,558,6028.0,558
2023,1,558,6028.0,559
2023,1,558,6028.0,558
2023,1,558,6028.0,558
2023,1,558,6028.0,559
2023,1,558,6028.0,559
2023,1,558,6028.0,561
2023,1,558,6028.0,559
2023,1,559,5843.0,564
2023,1,559,5843.0,559
2023,1,559,5843.0,561
2023,1,559,5843.0,560
2023,1,560,5664.0,561
2023,1,560,5664.0,560
2023,1,560,5664.0,561
2023,1,560,5664.0,561
2023,1,560,5664.0,561
2023,1,560,5664.0,565
2023,1,560,5664.0,561
2023,1,560,5664.0,561
2023,1,560,5664.0,560
2023,1,560,5664.0,560
2023,1,560,5664.0,560
2023,1,560,5664.0,560
2023,1,560,5664.0,560
2023,1,561,5453.0,562
2023,1,561,5453.0,564
2023,1,561,5453.0,561
2023,1,561,5453.0,561
2023,1,561,5453.0,562
2023,1,561,5453.0,564
2023,1,561,5453.0,562
2023,1,561,5453.0,563
2023,1,561,5453.0,563
2023,1,562,5270.0,563
2023,1,562,5270.0,563
2023,1,562,5270.0,563
2023,1,562,5270.0,564
2023,1,562,5270.0,563
2023,1,562,5270.0,562
2023,1,562,5270.0,562
2023,1,562,5270.0,562
2023,1,562,5270.0,562
2023,1,562,5270.0,563
2023,1,562,5270.0,565
2023,1,563,5080.0,564
2023,1,563,5080.0,564
2023,1,563,5080.0,564
2023,1,563,5080.0,565
2023,1,563,5080.0,564
2023,1,563,5080.0,566
2023,1,563,5080.0,567
2023,1,563,5080.0,565
2023,1,563,5080.0,563
2023,1,563,5080.0,565
2023,1,563,5080.0,565
2023,1,563,5080.0,563
2023,1,563,5080.0,563
2023,1,563,5080.0,566
2023,1,564,4910.0,564
2023,1,564,4910.0,565
2023,1,564,4910.0,564
2023,1,564,4910.0,566
2023,1,564,4910.0,564
2023,1,564,4910.0,565
2023,1,564,4910.0,564
2023,1,564,4910.0,565
2023,1,564,4910.0,565
2023,1,564,4910.0,564
2023,1,564,4910.0,565
2023,1,564,4910.0,566
2023,1,564,4910.0,565
2023,1,564,4910.0,565
2023,1,564,4910.0,564
2023,1,564,4910.0,564
2023,1,564,4910.0,564
2023,1,564,4910.0,564
2023,1,564,4910.0,566
2023,1,565,4750.0,568
2023,1,565,4750.0,566
2023,1,565,4750.0,566
2023,1,565,4750.0,565
2023,1,565,4750.0,568
2023,1,565,4750.0,566
2023,1,565,4750.0,566
2023,1,565,4750.0,566
2023,1,565,4750.0,566
2023,1,565,4750.0,565
2023,1,565,4750.0,565
2023,1,565,4750.0,566
2023,1,565,4750.0,567
2023,1,566,4600.0,566
2023,1,566,4600.0,566
2023,1,566,4600.0,567
2023,1,566,4600.0,566
2023,1,566,4600.0,567
2023,1,566,4600.0,568
2023,1,566,4600.0,567
2023,1,566,4600.0,566
2023,1,566,4600.0,567
2023,1,566,4600.0,575
2023,1,566,4600.0,571
2023,1,566,4600.0,566
2023,1,566,4600.0,566
2023,1,567,4425.0,567
2023,1,567,4425.0,568
2023,1,567,4425.0,567
2023,1,567,4425.0,567
2023,1,567,4425.0,567
2023,1,567,4425.0,567
2023,1,567,4425.0,568
2023,1,567,4425.0,568
2023,1,567,4425.0,567
2023,1,567,4425.0,569
2023,1,567,4425.0,567
2023,1,567,4425.0,567
2023,1,567,4425.0,568
2023,1,567,4425.0,569
2023,1,567,4425.0,568
2023,1,567,4425.0,568
2023,1,567,4425.0,568
2023,1,567,4425.0,568
2023,1,568,4260.0,569
2023,1,568,4260.0,568
2023,1,568,4260.0,568
2023,1,568,4260.0,568
2023,1,568,4260.0,571
2023,1,568,4260.0,572
2023,1,568,4260.0,568
2023,1,568,4260.0,568
2023,1,568,4260.0,571
2023,1,568,4260.0,568
2023,1,568,4260.0,569
2023,1,568,4260.0,570
2023,1,568,4260.0,568
2023,1,568,4260.0,568
2023,1,568,4260.0,568
2023,1,569,4096.0,571
2023,1,569,4096.0,570
2023,1,569,4096.0,570
2023,1,569,4096.0,570
2023,1,569,4096.0,572
2023,1,569,4096.0,569
2023,1,569,4096.0,570
2023,1,569,4096.0,569
2023,1,569,4096.0,569
2023,1,569,4096.0,570
2023,1,569,4096.0,571
2023,1,569,4096.0,569
2023,1,569,4096.0,570
2023,1,569,4096.0,570
2023,1,569,4096.0,569
2023,1,569,4096.0,569
2023,1,569,4096.0,570
2023,1,569,4096.0,569
2023,1,569,4096.0,572
2023,1,570,3914.0,570
2023,1,570,3914.0,570
2023,1,570,3914.0,570
2023,1,570,3914.0,570
2023,1,570,3914.0,572
2023,1,570,3914.0,572
2023,1,570,3914.0,575
2023,1,570,3914.0,570
2023,1,570,3914.0,570
2023,1,570,3914.0,571
2023,1,570,3914.0,571
2023,1,570,3914.0,574
2023,1,570,3914.0,570
2023,1,570,3914.0,571
2023,1,570,3914.0,571
2023,1,570,3914.0,574
2023,1,571,3741.0,572
2023,1,571,3741.0,576
2023,1,571,3741.0,571
2023,1,571,3741.0,572
2023,1,571,3741.0,571
2023,1,571,3741.0,572
2023,1,571,3741.0,577
2023,1,571,3741.0,572
2023,1,571,3741.0,571
2023,1,571,3741.0,577
2023,1,571,3741.0,572
2023,1,571,3741.0,572
2023,1,571,3741.0,577
2023,1,571,3741.0,571
2023,1,571,3741.0,575
2023,1,571,3741.0,572
2023,1,572,3586.0,572
2023,1,572,3586.0,572
2023,1,572,3586.0,572
2023,1,572,3586.0,575
2023,1,572,3586.0,574
2023,1,572,3586.0,573
2023,1,572,3586.0,573
2023,1,572,3586.0,575
2023,1,572,3586.0,573
2023,1,572,3586.0,572
2023,1,572,3586.0,576
2023,1,572,3586.0,575
2023,1,573,3404.0,575
2023,1,573,3404.0,575
2023,1,573,3404.0,580
2023,1,573,3404.0,573
2023,1,573,3404.0,577
2023,1,573,3404.0,573
2023,1,573,3404.0,576
2023,1,573,3404.0,573
2023,1,573,3404.0,574
2023,1,573,3404.0,573
2023,1,573,3404.0,575
2023,1,574,3270.0,578
2023,1,574,3270.0,575
2023,1,574,3270.0,575
2023,1,574,3270.0,574
2023,1,574,3270.0,574
2023,1,574,3270.0,576
2023,1,574,3270.0,577
2023,1,574,3270.0,574
2023,1,574,3270.0,575
2023,1,574,3270.0,576
2023,1,574,3270.0,574
2023,1,575,3118.0,575
2023,1,575,3118.0,577
2023,1,575,3118.0,577
2023,1,575,3118.0,575
2023,1,575,3118.0,577
2023,1,575,3118.0,577
2023,1,575,3118.0,576
2023,1,575,3118.0,575
2023,1,575,3118.0,577
2023,1,575,3118.0,576
2023,1,575,3118.0,575
2023,1,575,3118.0,575
2023,1,575,3118.0,576
2023,1,575,3118.0,576
2023,1,575,3118.0,576
2023,1,576,2962.0,577
2023,1,576,2962.0,576
2023,1,576,2962.0,577
2023,1,577,2821.0,579
2023,1,577,2821.0,578
2023,1,577,2821.0,578
2023,1,577,2821.0,579
2023,1,577,2821.0,577
2023,1,577,2821.0,580
2023,1,577,2821.0,578
2023,1,578,2668.0,580
2023,1,578,2668.0,579
2023,1,578,2668.0,579
2023,1,579,2520.0,579
2023,1,579,2520.0,581
2023,1,580,2393.0,591
2023,1,580,2393.0,590
2023,1,580,2393.0,591
2023,1,580,2393.0,593
2023,1,580,2393.0,588
2023,1,580,2393.0,592
2023,1,580,2393.0,598
2023,1,580,2393.0,603
2023,1,580,2393.0,606
2023,1,580,2393.0,587
2023,1,580,2393.0,587
2023,1,580,2393.0,588
2023,1,580,2393.0,589
2023,1,580,2393.0,592
2023,1,580,2393.0,594
2023,1,580,2393.0,594
2023,1,580,2393.0,590
2023,1,580,2393.0,587
2023,1,580,2393.0,586
2023,1,580,2393.0,588
2023,1,580,2393.0,585
2023,1,580,2393.0,583
2023,1,580,2393.0,584
2023,1,580,2393.0,586
2023,1,580,2393.0,595
2023,1,580,2393.0,587
2023,1,580,2393.0,582
2023,1,580,2393.0,588
2023,1,580,2393.0,607
2023,1,580,2393.0,612
2023,1,580,2393.0,613
2023,1,580,2393.0,586
2023,1,580,2393.0,592
2023,1,580,2393.0,586
2023,1,580,2393.0,602
2023,1,580,2393.0,581
2023,1,580,2393.0,583
2023,1,580,2393.0,588
2023,1,580,2393.0,581
2023,1,580,2393.0,584
2023,1,580,2393.0,583
2023,1,580,2393.0,584
2023,1,580,2393.0,583
2023,1,584,1900.0,584
2023,1,587,1573.0,592
2023,1,588,1468.0,588
2023,1,588,1468.0,589
2023,1,589,1366.0,590
2023,1,590,1288.0,598
2023,1,601,535.0,601
2023,1,603,437.0,603
2023,1,609,212.0,609
